1, 1, 16385, 0, 4294967295, 340, 340, 0, 0, 0, 0, 0, 8000, 0, 0, 0, 0, 0, 0, 8000, 4294967295, 4294967295, 4294967295, 4294967295, 4294967295, 4294967295, 4294967295, 4294967295, 4294967295, 4294967295, 4294967295, 4294967295, 4294967295, 4294967295, 4294967295, 4294967295, 4294967295, 4294967295, 4294967295, 4294967295, 4294967295, 4294967295, 4294967295, 4294967295, 4294967295, 4294967295, 4294967295, 4294967295, 4294967295, 4294967295, 4294967295, 4294967295, 4294967295, 4294967295, 4294967295, 4294967295, 4294967295, 4294967295, 4294967295, 4294967295, 4294967295, 4294967295, 4294967295, 4294967295, 4294967295, 4294967295, 4294967295, 4294967295, 4294967295, 4294967295, 4294967295, 4294967295, 4294967295, 4294967295, 4294967295, 4294967295, 4294967295, 4294967295, 4294967295, 4294967295, 4294967295, 4294967295, 4294967295, 4294967295, 4294967295, 4294967295, 4294967295, 4294967295, 4294967295, 4294967295, 4294967295, 4294967295, 4294967295, 4294967295, 4294967295, 4294967295, 4294967295, 4294967295, 4294967295, 4294967295, 4294967295, 4294967295, 4294967295, 4294967295, 4294967295, 4294967295, 4294967295, 4294967295, 4294967295, 4294967295, 4294967295, 4294967295, 4294967295, 4294967295, 4294967295, 4294967295, 4294967295, 4294967295, 4294967295
1, 1, 116385, 0, 3400, 3400, 340, 181560, 6484, 48, 1, 8952, 8000, 638, 807, 163200, 4329, 24, 0, 8000, 8000, 8000, 8000, 8000, 8000, 8125, 8109, 8109, 8220, 8193, 8293, 8382, 8459, 8527, 8711, 8872, 9013, 9636, 9681, 9596, 9397, 9397, 9397, 9397, 9397, 9397, 9397, 9397, 9397, 9397, 9397, 9397, 9397, 9397, 9397, 9397, 9397, 9397, 9397, 9397, 9397, 9397, 9397, 9397, 9397, 9397, 9397, 9347, 9179, 9781, 9683, 9473, 9289, 9253, 9221, 9193, 9193, 9193, 9193, 9193, 9193, 9193, 9193, 9193, 9193, 9193, 9193, 9193, 9193, 9193, 9193, 9193, 9193, 9193, 9193, 9193, 9193, 9193, 9193, 9193, 9193, 9193, 9193, 9193, 9193, 9193, 9193, 9193, 9193, 9193, 9193, 9193, 9193, 9193, 9193, 9193, 9193, 9193, 9193
1, 1, 216385, 0, 3400, 3400, 340, 0, 0, 0, 0, 9193, 8000, 1159, 1245, 0, 0, 1648, 12, 9193, 9193, 9193, 9193, 9193, 9193, 9193, 9193, 9193, 9193, 9193, 9193, 9193, 9193, 9193, 9193, 9193, 9193, 9193, 9193, 9193, 9193, 9193, 9193, 9193, 9193, 9193, 9193, 9193, 9193, 9193, 9193, 9193, 9193, 9193, 9193, 9193, 9193, 9193, 9193, 9193, 9193, 9193, 9193, 9193, 9193, 9193, 9193, 9193, 9193, 9193, 9193, 9193, 9193, 9193, 9193, 9193, 9193, 9193, 9193, 9193, 9193, 9193, 9193, 9193, 9193, 9193, 9193, 9193, 9193, 9193, 9193, 9193, 9193, 9193, 9193, 9193, 9193, 9193, 9193, 9193, 9193, 9193, 9193, 9193, 9193, 9193, 9193, 9193, 9193, 9193, 9193, 9193, 9193, 9193, 9193, 9193, 9193, 9193, 9193
1, 1, 316385, 0, 3400, 3400, 340, 0, 0, 0, 0, 9193, 8000, 2499, 2660, 0, 0, 0, 623, 9193, 9193, 9193, 9193, 9193, 9193, 9193, 9193, 9193, 9193, 9193, 9193, 9193, 9193, 9193, 9193, 9193, 9193, 9193, 9193, 9193, 9193, 9193, 9193, 9193, 9193, 9193, 9193, 9193, 9193, 9193, 9193, 9193, 9193, 9193, 9193, 9193, 9193, 9193, 9193, 9193, 9193, 9193, 9193, 9193, 9193, 9193, 9193, 9193, 9193, 9193, 9193, 9193, 9193, 9193, 9193, 9193, 9193, 9193, 9193, 9193, 9193, 9193, 9193, 9193, 9193, 9193, 9193, 9193, 9193, 9193, 9193, 9193, 9193, 9193, 9193, 9193, 9193, 9193, 9193, 9193, 9193, 9193, 9193, 9193, 9193, 9193, 9193, 9193, 9193, 9193, 9193, 9193, 9193, 9193, 9193, 9193, 9193, 9193, 9193
1, 1, 416385, 0, 3400, 3400, 340, 0, 0, 0, 0, 0, 8000, 0, 0, 0, 0, 0, 815, 9193, 9193, 9193, 9193, 9193, 9193, 9193, 9193, 9193, 9193, 9193, 9193, 9193, 9193, 9193, 9193, 9193, 9193, 9193, 9193, 9193, 9193, 9193, 9193, 9193, 9193, 9193, 9193, 9193, 9193, 9193, 9193, 9193, 9193, 9193, 9193, 9193, 9193, 9193, 9193, 9193, 9193, 9193, 9193, 9193, 9193, 9193, 9193, 9193, 9193, 9193, 9193, 9193, 9193, 9193, 9193, 9193, 9193, 9193, 9193, 9193, 9193, 9193, 9193, 9193, 9193, 9193, 9193, 9193, 9193, 9193, 9193, 9193, 9193, 9193, 9193, 9193, 9193, 9193, 9193, 9193, 9193, 9193, 9193, 9193, 9193, 9193, 9193, 9193, 9193, 9193, 9193, 9193, 9193, 9193, 9193, 9193, 9193, 9193, 9193
1, 1, 516385, 0, 3400, 3400, 340, 0, 0, 0, 0, 0, 8000, 0, 0, 0, 0, 0, 0, 9193, 9193, 9193, 9193, 9193, 9193, 9193, 9193, 9193, 9193, 9193, 9193, 9193, 9193, 9193, 9193, 9193, 9193, 9193, 9193, 9193, 9193, 9193, 9193, 9193, 9193, 9193, 9193, 9193, 9193, 9193, 9193, 9193, 9193, 9193, 9193, 9193, 9193, 9193, 9193, 9193, 9193, 9193, 9193, 9193, 9193, 9193, 9193, 9193, 9193, 9193, 9193, 9193, 9193, 9193, 9193, 9193, 9193, 9193, 9193, 9193, 9193, 9193, 9193, 9193, 9193, 9193, 9193, 9193, 9193, 9193, 9193, 9193, 9193, 9193, 9193, 9193, 9193, 9193, 9193, 9193, 9193, 9193, 9193, 9193, 9193, 9193, 9193, 9193, 9193, 9193, 9193, 9193, 9193, 9193, 9193, 9193, 9193, 9193, 9193
1, 1, 616385, 0, 3400, 3400, 340, 0, 0, 0, 0, 0, 8000, 0, 0, 0, 0, 0, 0, 9193, 9193, 9193, 9193, 9193, 9193, 9193, 9193, 9193, 9193, 9193, 9193, 9193, 9193, 9193, 9193, 9193, 9193, 9193, 9193, 9193, 9193, 9193, 9193, 9193, 9193, 9193, 9193, 9193, 9193, 9193, 9193, 9193, 9193, 9193, 9193, 9193, 9193, 9193, 9193, 9193, 9193, 9193, 9193, 9193, 9193, 9193, 9193, 9193, 9193, 9193, 9193, 9193, 9193, 9193, 9193, 9193, 9193, 9193, 9193, 9193, 9193, 9193, 9193, 9193, 9193, 9193, 9193, 9193, 9193, 9193, 9193, 9193, 9193, 9193, 9193, 9193, 9193, 9193, 9193, 9193, 9193, 9193, 9193, 9193, 9193, 9193, 9193, 9193, 9193, 9193, 9193, 9193, 9193, 9193, 9193, 9193, 9193, 9193, 9193
1, 1, 716385, 0, 3400, 3400, 340, 0, 0, 0, 0, 0, 8000, 0, 0, 0, 0, 0, 0, 9193, 9193, 9193, 9193, 9193, 9193, 9193, 9193, 9193, 9193, 9193, 9193, 9193, 9193, 9193, 9193, 9193, 9193, 9193, 9193, 9193, 9193, 9193, 9193, 9193, 9193, 9193, 9193, 9193, 9193, 9193, 9193, 9193, 9193, 9193, 9193, 9193, 9193, 9193, 9193, 9193, 9193, 9193, 9193, 9193, 9193, 9193, 9193, 9193, 9193, 9193, 9193, 9193, 9193, 9193, 9193, 9193, 9193, 9193, 9193, 9193, 9193, 9193, 9193, 9193, 9193, 9193, 9193, 9193, 9193, 9193, 9193, 9193, 9193, 9193, 9193, 9193, 9193, 9193, 9193, 9193, 9193, 9193, 9193, 9193, 9193, 9193, 9193, 9193, 9193, 9193, 9193, 9193, 9193, 9193, 9193, 9193, 9193, 9193, 9193
1, 1, 816385, 0, 3400, 3400, 340, 0, 0, 0, 0, 0, 8000, 0, 0, 0, 0, 0, 0, 9193, 9193, 9193, 9193, 9193, 9193, 9193, 9193, 9193, 9193, 9193, 9193, 9193, 9193, 9193, 9193, 9193, 9193, 9193, 9193, 9193, 9193, 9193, 9193, 9193, 9193, 9193, 9193, 9193, 9193, 9193, 9193, 9193, 9193, 9193, 9193, 9193, 9193, 9193, 9193, 9193, 9193, 9193, 9193, 9193, 9193, 9193, 9193, 9193, 9193, 9193, 9193, 9193, 9193, 9193, 9193, 9193, 9193, 9193, 9193, 9193, 9193, 9193, 9193, 9193, 9193, 9193, 9193, 9193, 9193, 9193, 9193, 9193, 9193, 9193, 9193, 9193, 9193, 9193, 9193, 9193, 9193, 9193, 9193, 9193, 9193, 9193, 9193, 9193, 9193, 9193, 9193, 9193, 9193, 9193, 9193, 9193, 9193, 9193, 9193
1, 1, 916385, 0, 3400, 3400, 340, 0, 0, 0, 0, 0, 8000, 0, 0, 0, 0, 0, 0, 9193, 9193, 9193, 9193, 9193, 9193, 9193, 9193, 9193, 9193, 9193, 9193, 9193, 9193, 9193, 9193, 9193, 9193, 9193, 9193, 9193, 9193, 9193, 9193, 9193, 9193, 9193, 9193, 9193, 9193, 9193, 9193, 9193, 9193, 9193, 9193, 9193, 9193, 9193, 9193, 9193, 9193, 9193, 9193, 9193, 9193, 9193, 9193, 9193, 9193, 9193, 9193, 9193, 9193, 9193, 9193, 9193, 9193, 9193, 9193, 9193, 9193, 9193, 9193, 9193, 9193, 9193, 9193, 9193, 9193, 9193, 9193, 9193, 9193, 9193, 9193, 9193, 9193, 9193, 9193, 9193, 9193, 9193, 9193, 9193, 9193, 9193, 9193, 9193, 9193, 9193, 9193, 9193, 9193, 9193, 9193, 9193, 9193, 9193, 9193
1, 1, 1016385, 0, 3400, 3400, 340, 0, 0, 0, 0, 0, 8000, 0, 0, 0, 0, 0, 0, 9193, 9193, 9193, 9193, 9193, 9193, 9193, 9193, 9193, 9193, 9193, 9193, 9193, 9193, 9193, 9193, 9193, 9193, 9193, 9193, 9193, 9193, 9193, 9193, 9193, 9193, 9193, 9193, 9193, 9193, 9193, 9193, 9193, 9193, 9193, 9193, 9193, 9193, 9193, 9193, 9193, 9193, 9193, 9193, 9193, 9193, 9193, 9193, 9193, 9193, 9193, 9193, 9193, 9193, 9193, 9193, 9193, 9193, 9193, 9193, 9193, 9193, 9193, 9193, 9193, 9193, 9193, 9193, 9193, 9193, 9193, 9193, 9193, 9193, 9193, 9193, 9193, 9193, 9193, 9193, 9193, 9193, 9193, 9193, 9193, 9193, 9193, 9193, 9193, 9193, 9193, 9193, 9193, 9193, 9193, 9193, 9193, 9193, 9193, 9193
1, 1, 1116385, 0, 3400, 3400, 340, 98260, 6141, 186, 13, 9848, 8000, 13221, 24840, 632400, 573, 0, 0, 9193, 9193, 9193, 9193, 9193, 9193, 9193, 9193, 9193, 9193, 9193, 9193, 9193, 9193, 9193, 9193, 9193, 9193, 9193, 9193, 9193, 9193, 9193, 9193, 9193, 9193, 9193, 9193, 9193, 9193, 9193, 9193, 9193, 9193, 9193, 9193, 9193, 9193, 9193, 9193, 9193, 9193, 9193, 9193, 9193, 9193, 9193, 9193, 9193, 9193, 9193, 9193, 9193, 9193, 9193, 9193, 9193, 9193, 9193, 9193, 9193, 9193, 9193, 9193, 9193, 9193, 9193, 9193, 9193, 9169, 9148, 9129, 9113, 9224, 9321, 9406, 9480, 9670, 10586, 10263, 10105, 10105, 10105, 10105, 10105, 10105, 10105, 10105, 10105, 10105, 10105, 10105, 10105, 10105, 10105, 10105, 10105, 10105, 10105, 10105
1, 1, 1216385, 0, 3400, 6800, 340, 249560, 6398, 68, 1, 9227, 8000, 560, 811, 231200, 4311, 5, 0, 9428, 9428, 9428, 9428, 9428, 9428, 9428, 9428, 9428, 9428, 9428, 9428, 9428, 9428, 9428, 9428, 9428, 9428, 9428, 9428, 9428, 9374, 9327, 9286, 9126, 9110, 8971, 8971, 8971, 8971, 8971, 8971, 8971, 8971, 8971, 8971, 8971, 8971, 8971, 8971, 8971, 8971, 8971, 8971, 8971, 8971, 8971, 8971, 8975, 9603, 9402, 9352, 9183, 9035, 9035, 9035, 9035, 9035, 9035, 9035, 9035, 9035, 9035, 9035, 9035, 9035, 9035, 9035, 9035, 9035, 9035, 9035, 9035, 9035, 9035, 9035, 9035, 9035, 9035, 9035, 9035, 9035, 9035, 9035, 9035, 9035, 9035, 9035, 9031, 8902, 9664, 9456, 9274, 9114, 9100, 9088, 9077, 9067, 9183, 9160
1, 1, 1316385, 0, 3400, 3400, 340, 242080, 6370, 68, 2, 8823, 8000, 609, 836, 231200, 4461, 648, 0, 8612, 8612, 8612, 8612, 8612, 8612, 8612, 8612, 8612, 8612, 8612, 8612, 8612, 8612, 8612, 8612, 8612, 8612, 8536, 8594, 8644, 9439, 9259, 9227, 9073, 8939, 8946, 8953, 8953, 8953, 8953, 8953, 8953, 8953, 8953, 8953, 8953, 8953, 8953, 8953, 8953, 8953, 8953, 8953, 8953, 8953, 8953, 8953, 8953, 8953, 8959, 8839, 8859, 8877, 8767, 8767, 8767, 8767, 8767, 8767, 8767, 8767, 8767, 8767, 8767, 8767, 8767, 8767, 8767, 8767, 8767, 8767, 8767, 8767, 8767, 8767, 8767, 8921, 8806, 8705, 8742, 8774, 8802, 8827, 8848, 8867, 8884, 9023, 9145, 9127, 9111, 9111, 9111, 9111, 9111, 9111, 9111, 9111, 9111, 9111
1, 1, 1416385, 0, 3400, 6800, 340, 215900, 6350, 60, 1, 9111, 8000, 566, 806, 204000, 4263, 0, 2, 9170, 9023, 9023, 9023, 9023, 9023, 9023, 9023, 9023, 9023, 9023, 9023, 9023, 9023, 9023, 9023, 9023, 9023, 9023, 9023, 9023, 9023, 9023, 9023, 9023, 9023, 9023, 9023, 9023, 9023, 9023, 9023, 9023, 9020, 9018, 8891, 8891, 8891, 8891, 8891, 8891, 8891, 8891, 8891, 8891, 8891, 8891, 8891, 8891, 8891, 8891, 8891, 8891, 8891, 8891, 8891, 8891, 8779, 8932, 8940, 8823, 8845, 8864, 8881, 8896, 8909, 9045, 9164, 9394, 9394, 9394, 9394, 9394, 9394, 9394, 9394, 9394, 9394, 9394, 9394, 9394, 9394, 9394, 9394, 9394, 9394, 9394, 9394, 9394, 9394, 9394, 9394, 9394, 9394, 9394, 9394, 9394, 9394, 9394, 9345
1, 1, 1516385, 0, 3400, 3400, 340, 215560, 6532, 63, 2, 8845, 8000, 704, 901, 214200, 4240, 0, 0, 8988, 8864, 8881, 8896, 8784, 8686, 8600, 8650, 8694, 8607, 8656, 8574, 8574, 8574, 8574, 8574, 8574, 8574, 8574, 8574, 8574, 8574, 8574, 8574, 8574, 8574, 8574, 8574, 8574, 8574, 8574, 8574, 8574, 8574, 9252, 9221, 9068, 8934, 8818, 8840, 8860, 8860, 8860, 8860, 8860, 8860, 8860, 8860, 8860, 8860, 8860, 8860, 8860, 8860, 8860, 8860, 8860, 8860, 8860, 8860, 8860, 8860, 8860, 8860, 8860, 8860, 8860, 8860, 8860, 8860, 8860, 8860, 8860, 8860, 8860, 8860, 8860, 8860, 8860, 8860, 8860, 8860, 8860, 8860, 8860, 8860, 8860, 8860, 8860, 8860, 8860, 8860, 8860, 8860, 8860, 8860, 8860, 8860, 8860, 8860
1, 1, 1616385, 0, 3400, 3400, 340, 0, 0, 0, 0, 8860, 8000, 1384, 1444, 0, 0, 0, 50, 8860, 8860, 8860, 8860, 8860, 8860, 8860, 8860, 8860, 8860, 8860, 8860, 8860, 8860, 8860, 8860, 8860, 8860, 8860, 8860, 8860, 8860, 8860, 8860, 8860, 8860, 8860, 8860, 8860, 8860, 8860, 8860, 8860, 8860, 8860, 8860, 8860, 8860, 8860, 8860, 8860, 8860, 8860, 8860, 8860, 8860, 8860, 8860, 8860, 8860, 8860, 8860, 8860, 8860, 8860, 8860, 8860, 8860, 8860, 8860, 8860, 8860, 8860, 8860, 8860, 8860, 8860, 8860, 8860, 8860, 8860, 8860, 8860, 8860, 8860, 8860, 8860, 8860, 8860, 8860, 8860, 8860, 8860, 8860, 8860, 8860, 8860, 8860, 8860, 8860, 8860, 8860, 8860, 8860, 8860, 8860, 8860, 8860, 8860, 8860
1, 1, 1716385, 0, 3400, 3400, 340, 0, 0, 0, 0, 8860, 8000, 2547, 2547, 0, 0, 0, 0, 8860, 8860, 8860, 8860, 8860, 8860, 8860, 8860, 8860, 8860, 8860, 8860, 8860, 8860, 8860, 8860, 8860, 8860, 8860, 8860, 8860, 8860, 8860, 8860, 8860, 8860, 8860, 8860, 8860, 8860, 8860, 8860, 8860, 8860, 8860, 8860, 8860, 8860, 8860, 8860, 8860, 8860, 8860, 8860, 8860, 8860, 8860, 8860, 8860, 8860, 8860, 8860, 8860, 8860, 8860, 8860, 8860, 8860, 8860, 8860, 8860, 8860, 8860, 8860, 8860, 8860, 8860, 8860, 8860, 8860, 8860, 8860, 8860, 8860, 8860, 8860, 8860, 8860, 8860, 8860, 8860, 8860, 8860, 8860, 8860, 8860, 8860, 8860, 8860, 8860, 8860, 8860, 8860, 8860, 8860, 8860, 8860, 8860, 8860, 8860
1, 1, 1816385, 0, 3400, 3400, 340, 0, 0, 0, 0, 8860, 8000, 4617, 6156, 0, 0, 0, 0, 8860, 8860, 8860, 8860, 8860, 8860, 8860, 8860, 8860, 8860, 8860, 8860, 8860, 8860, 8860, 8860, 8860, 8860, 8860, 8860, 8860, 8860, 8860, 8860, 8860, 8860, 8860, 8860, 8860, 8860, 8860, 8860, 8860, 8860, 8860, 8860, 8860, 8860, 8860, 8860, 8860, 8860, 8860, 8860, 8860, 8860, 8860, 8860, 8860, 8860, 8860, 8860, 8860, 8860, 8860, 8860, 8860, 8860, 8860, 8860, 8860, 8860, 8860, 8860, 8860, 8860, 8860, 8860, 8860, 8860, 8860, 8860, 8860, 8860, 8860, 8860, 8860, 8860, 8860, 8860, 8860, 8860, 8860, 8860, 8860, 8860, 8860, 8860, 8860, 8860, 8860, 8860, 8860, 8860, 8860, 8860, 8860, 8860, 8860, 8860
1, 1, 1916385, 0, 3400, 3400, 340, 0, 0, 0, 0, 0, 8000, 0, 0, 0, 0, 0, 0, 8860, 8860, 8860, 8860, 8860, 8860, 8860, 8860, 8860, 8860, 8860, 8860, 8860, 8860, 8860, 8860, 8860, 8860, 8860, 8860, 8860, 8860, 8860, 8860, 8860, 8860, 8860, 8860, 8860, 8860, 8860, 8860, 8860, 8860, 8860, 8860, 8860, 8860, 8860, 8860, 8860, 8860, 8860, 8860, 8860, 8860, 8860, 8860, 8860, 8860, 8860, 8860, 8860, 8860, 8860, 8860, 8860, 8860, 8860, 8860, 8860, 8860, 8860, 8860, 8860, 8860, 8860, 8860, 8860, 8860, 8860, 8860, 8860, 8860, 8860, 8860, 8860, 8860, 8860, 8860, 8860, 8860, 8860, 8860, 8860, 8860, 8860, 8860, 8860, 8860, 8860, 8860, 8860, 8860, 8860, 8860, 8860, 8860, 8860, 8860
1, 1, 2016385, 0, 3400, 3400, 340, 0, 0, 0, 0, 0, 8000, 0, 0, 0, 0, 0, 0, 8860, 8860, 8860, 8860, 8860, 8860, 8860, 8860, 8860, 8860, 8860, 8860, 8860, 8860, 8860, 8860, 8860, 8860, 8860, 8860, 8860, 8860, 8860, 8860, 8860, 8860, 8860, 8860, 8860, 8860, 8860, 8860, 8860, 8860, 8860, 8860, 8860, 8860, 8860, 8860, 8860, 8860, 8860, 8860, 8860, 8860, 8860, 8860, 8860, 8860, 8860, 8860, 8860, 8860, 8860, 8860, 8860, 8860, 8860, 8860, 8860, 8860, 8860, 8860, 8860, 8860, 8860, 8860, 8860, 8860, 8860, 8860, 8860, 8860, 8860, 8860, 8860, 8860, 8860, 8860, 8860, 8860, 8860, 8860, 8860, 8860, 8860, 8860, 8860, 8860, 8860, 8860, 8860, 8860, 8860, 8860, 8860, 8860, 8860, 8860
1, 1, 2116385, 0, 3400, 3400, 340, 0, 0, 0, 0, 0, 8000, 0, 0, 0, 0, 0, 0, 8860, 8860, 8860, 8860, 8860, 8860, 8860, 8860, 8860, 8860, 8860, 8860, 8860, 8860, 8860, 8860, 8860, 8860, 8860, 8860, 8860, 8860, 8860, 8860, 8860, 8860, 8860, 8860, 8860, 8860, 8860, 8860, 8860, 8860, 8860, 8860, 8860, 8860, 8860, 8860, 8860, 8860, 8860, 8860, 8860, 8860, 8860, 8860, 8860, 8860, 8860, 8860, 8860, 8860, 8860, 8860, 8860, 8860, 8860, 8860, 8860, 8860, 8860, 8860, 8860, 8860, 8860, 8860, 8860, 8860, 8860, 8860, 8860, 8860, 8860, 8860, 8860, 8860, 8860, 8860, 8860, 8860, 8860, 8860, 8860, 8860, 8860, 8860, 8860, 8860, 8860, 8860, 8860, 8860, 8860, 8860, 8860, 8860, 8860, 8860
1, 1, 2216385, 0, 3400, 3400, 340, 0, 0, 0, 0, 0, 8000, 0, 0, 0, 0, 0, 0, 8860, 8860, 8860, 8860, 8860, 8860, 8860, 8860, 8860, 8860, 8860, 8860, 8860, 8860, 8860, 8860, 8860, 8860, 8860, 8860, 8860, 8860, 8860, 8860, 8860, 8860, 8860, 8860, 8860, 8860, 8860, 8860, 8860, 8860, 8860, 8860, 8860, 8860, 8860, 8860, 8860, 8860, 8860, 8860, 8860, 8860, 8860, 8860, 8860, 8860, 8860, 8860, 8860, 8860, 8860, 8860, 8860, 8860, 8860, 8860, 8860, 8860, 8860, 8860, 8860, 8860, 8860, 8860, 8860, 8860, 8860, 8860, 8860, 8860, 8860, 8860, 8860, 8860, 8860, 8860, 8860, 8860, 8860, 8860, 8860, 8860, 8860, 8860, 8860, 8860, 8860, 8860, 8860, 8860, 8860, 8860, 8860, 8860, 8860, 8860
1, 1, 2316385, 0, 3400, 3400, 340, 0, 0, 0, 0, 0, 8000, 0, 0, 0, 0, 2, 0, 8860, 8860, 8860, 8860, 8860, 8860, 8860, 8860, 8860, 8860, 8860, 8860, 8860, 8860, 8860, 8860, 8860, 8860, 8860, 8860, 8860, 8860, 8860, 8860, 8860, 8860, 8860, 8860, 8860, 8860, 8860, 8860, 8860, 8860, 8860, 8860, 8860, 8860, 8860, 8860, 8860, 8860, 8860, 8860, 8860, 8860, 8860, 8860, 8860, 8860, 8860, 8860, 8860, 8860, 8860, 8860, 8860, 8860, 8860, 8860, 8860, 8860, 8860, 8860, 8860, 8860, 8860, 8860, 8860, 8860, 8860, 8860, 8860, 8860, 8860, 8860, 8860, 8860, 8860, 8860, 8860, 8860, 8860, 8860, 8860, 8860, 8860, 8860, 8860, 8860, 8860, 8860, 8860, 8860, 8860, 8860, 8860, 8860, 8860, 8860
1, 1, 2416385, 0, 3400, 3400, 340, 0, 0, 0, 0, 0, 8000, 0, 0, 0, 0, 0, 0, 8860, 8860, 8860, 8860, 8860, 8860, 8860, 8860, 8860, 8860, 8860, 8860, 8860, 8860, 8860, 8860, 8860, 8860, 8860, 8860, 8860, 8860, 8860, 8860, 8860, 8860, 8860, 8860, 8860, 8860, 8860, 8860, 8860, 8860, 8860, 8860, 8860, 8860, 8860, 8860, 8860, 8860, 8860, 8860, 8860, 8860, 8860, 8860, 8860, 8860, 8860, 8860, 8860, 8860, 8860, 8860, 8860, 8860, 8860, 8860, 8860, 8860, 8860, 8860, 8860, 8860, 8860, 8860, 8860, 8860, 8860, 8860, 8860, 8860, 8860, 8860, 8860, 8860, 8860, 8860, 8860, 8860, 8860, 8860, 8860, 8860, 8860, 8860, 8860, 8860, 8860, 8860, 8860, 8860, 8860, 8860, 8860, 8860, 8860, 8860
1, 1, 2516385, 0, 3400, 6800, 340, 139740, 6351, 194, 9, 9327, 8000, 12959, 37026, 659600, 564, 182, 0, 8860, 8860, 8860, 8860, 8860, 8860, 8860, 8860, 8860, 8860, 8860, 8860, 8860, 8860, 8860, 8860, 8860, 8860, 8860, 8860, 8860, 8860, 8860, 8860, 8860, 8860, 8860, 8860, 8860, 8860, 8860, 8860, 8860, 8860, 8860, 8860, 8860, 8860, 8860, 8860, 8860, 8860, 8860, 8860, 8860, 8860, 8860, 8860, 8860, 8860, 8860, 8860, 8860, 8860, 8860, 8860, 8860, 8860, 8860, 8860, 8860, 8860, 8860, 8860, 8860, 8860, 8860, 8860, 8860, 8860, 8860, 8860, 8860, 8860, 8860, 8860, 8860, 8860, 8860, 8860, 8860, 8878, 8893, 8906, 8918, 9053, 9171, 9275, 9365, 9570, 10498, 10186, 9913, 9799, 9699, 9486, 9300, 9138, 9121, 8980
1, 1, 2616385, 0, 3400, 6800, 340, 429420, 6606, 135, 2, 8795, 8000, 517, 875, 459000, 4994, 805, 2, 8514, 8514, 8514, 8514, 8514, 8514, 8514, 8514, 8514, 8514, 8514, 8514, 8514, 8514, 8514, 8514, 8514, 8514, 8514, 8514, 8514, 8514, 8514, 8514, 8514, 8514, 8514, 9325, 9284, 9124, 9124, 9124, 9124, 9124, 9124, 9124, 9124, 9124, 9124, 9124, 9124, 9124, 9124, 9124, 9124, 9124, 9124, 9124, 9124, 9124, 9124, 9124, 8983, 8985, 8987, 8864, 8864, 9631, 9552, 9483, 9422, 9494, 9558, 9488, 9427, 9373, 9327, 9161, 9016, 9014, 8887, 8776, 8679, 8719, 8754, 8660, 8702, 8739, 8647, 8566, 8620, 8668, 8584, 8511, 8572, 8625, 8547, 8479, 8544, 8476, 8416, 8364, 8319, 8404, 8478, 8418, 8366, 8445, 8514, 8450
1, 1, 2716385, 0, 3400, 3400, 340, 146880, 6120, 35, 1, 8482, 8000, 640, 797, 119000, 3915, 0, 0, 8450, 8519, 8454, 8454, 8397, 8472, 8472, 8472, 8472, 8472, 8472, 8472, 8472, 8472, 8472, 8472, 8472, 8472, 8472, 8472, 8472, 8472, 8472, 8472, 8472, 8472, 8472, 8538, 8596, 8521, 8581, 8633, 8554, 8485, 8549, 8549, 8549, 8549, 8549, 8549, 8549, 8549, 8549, 8549, 8549, 8549, 8549, 8549, 8549, 8549, 8549, 8549, 8549, 8549, 8605, 8530, 8463, 8463, 8463, 8463, 8463, 8463, 8463, 8463, 8463, 8463, 8463, 8463, 8463, 8463, 8463, 8463, 8463, 8463, 8463, 8463, 8463, 8463, 8530, 8589, 8515, 8451, 8451, 8451, 8451, 8451, 8451, 8451, 8451, 8451, 8451, 8451, 8451, 8451, 8451, 8451, 8451, 8451, 8451, 8451
1, 1, 2816385, 0, 3400, 3400, 340, 201620, 6300, 55, 1, 9054, 8000, 585, 802, 187000, 4541, 249, 13, 9297, 9297, 9297, 9297, 9297, 9297, 9297, 9297, 9297, 9297, 9297, 9297, 9297, 9297, 9297, 9297, 9260, 9228, 9199, 9049, 9293, 9256, 9099, 8962, 8841, 8861, 8861, 8861, 8861, 8861, 8861, 8861, 8861, 8861, 8861, 8861, 8861, 8861, 8861, 8861, 8861, 8861, 8861, 8861, 8861, 8753, 9659, 9452, 9270, 9111, 9097, 9097, 9097, 9097, 9097, 9097, 9097, 9097, 9097, 9097, 9097, 9097, 9097, 9097, 9097, 9097, 9097, 9097, 9097, 9097, 9097, 9097, 8960, 8960, 8960, 8960, 8960, 8960, 8960, 8960, 8960, 8960, 8960, 8960, 8960, 8960, 8960, 8960, 8960, 8960, 8960, 8960, 8960, 8960, 8960, 8960, 8960, 8960, 8960, 8960
1, 1, 2916385, 0, 3400, 3400, 340, 0, 0, 0, 0, 8960, 8000, 1203, 1248, 0, 0, 653, 0, 8960, 8960, 8960, 8960, 8960, 8960, 8960, 8960, 8960, 8960, 8960, 8960, 8960, 8960, 8960, 8960, 8960, 8960, 8960, 8960, 8960, 8960, 8960, 8960, 8960, 8960, 8960, 8960, 8960, 8960, 8960, 8960, 8960, 8960, 8960, 8960, 8960, 8960, 8960, 8960, 8960, 8960, 8960, 8960, 8960, 8960, 8960, 8960, 8960, 8960, 8960, 8960, 8960, 8960, 8960, 8960, 8960, 8960, 8960, 8960, 8960, 8960, 8960, 8960, 8960, 8960, 8960, 8960, 8960, 8960, 8960, 8960, 8960, 8960, 8960, 8960, 8960, 8960, 8960, 8960, 8960, 8960, 8960, 8960, 8960, 8960, 8960, 8960, 8960, 8960, 8960, 8960, 8960, 8960, 8960, 8960, 8960, 8960, 8960, 8960
1, 1, 3016385, 0, 3400, 3400, 340, 0, 0, 0, 0, 8960, 8000, 1994, 2266, 0, 0, 0, 58, 8960, 8960, 8960, 8960, 8960, 8960, 8960, 8960, 8960, 8960, 8960, 8960, 8960, 8960, 8960, 8960, 8960, 8960, 8960, 8960, 8960, 8960, 8960, 8960, 8960, 8960, 8960, 8960, 8960, 8960, 8960, 8960, 8960, 8960, 8960, 8960, 8960, 8960, 8960, 8960, 8960, 8960, 8960, 8960, 8960, 8960, 8960, 8960, 8960, 8960, 8960, 8960, 8960, 8960, 8960, 8960, 8960, 8960, 8960, 8960, 8960, 8960, 8960, 8960, 8960, 8960, 8960, 8960, 8960, 8960, 8960, 8960, 8960, 8960, 8960, 8960, 8960, 8960, 8960, 8960, 8960, 8960, 8960, 8960, 8960, 8960, 8960, 8960, 8960, 8960, 8960, 8960, 8960, 8960, 8960, 8960, 8960, 8960, 8960, 8960
1, 1, 3116385, 0, 3400, 3400, 340, 0, 0, 0, 0, 8960, 8000, 3984, 4150, 0, 0, 67, 650, 8960, 8960, 8960, 8960, 8960, 8960, 8960, 8960, 8960, 8960, 8960, 8960, 8960, 8960, 8960, 8960, 8960, 8960, 8960, 8960, 8960, 8960, 8960, 8960, 8960, 8960, 8960, 8960, 8960, 8960, 8960, 8960, 8960, 8960, 8960, 8960, 8960, 8960, 8960, 8960, 8960, 8960, 8960, 8960, 8960, 8960, 8960, 8960, 8960, 8960, 8960, 8960, 8960, 8960, 8960, 8960, 8960, 8960, 8960, 8960, 8960, 8960, 8960, 8960, 8960, 8960, 8960, 8960, 8960, 8960, 8960, 8960, 8960, 8960, 8960, 8960, 8960, 8960, 8960, 8960, 8960, 8960, 8960, 8960, 8960, 8960, 8960, 8960, 8960, 8960, 8960, 8960, 8960, 8960, 8960, 8960, 8960, 8960, 8960, 8960
1, 1, 3216385, 0, 3400, 3400, 340, 0, 0, 0, 0, 8960, 8000, 4326, 4523, 0, 0, 0, 0, 8960, 8960, 8960, 8960, 8960, 8960, 8960, 8960, 8960, 8960, 8960, 8960, 8960, 8960, 8960, 8960, 8960, 8960, 8960, 8960, 8960, 8960, 8960, 8960, 8960, 8960, 8960, 8960, 8960, 8960, 8960, 8960, 8960, 8960, 8960, 8960, 8960, 8960, 8960, 8960, 8960, 8960, 8960, 8960, 8960, 8960, 8960, 8960, 8960, 8960, 8960, 8960, 8960, 8960, 8960, 8960, 8960, 8960, 8960, 8960, 8960, 8960, 8960, 8960, 8960, 8960, 8960, 8960, 8960, 8960, 8960, 8960, 8960, 8960, 8960, 8960, 8960, 8960, 8960, 8960, 8960, 8960, 8960, 8960, 8960, 8960, 8960, 8960, 8960, 8960, 8960, 8960, 8960, 8960, 8960, 8960, 8960, 8960, 8960, 8960
1, 1, 3316385, 0, 3400, 3400, 340, 0, 0, 0, 0, 8960, 8000, 4738, 5528, 0, 0, 0, 39, 8960, 8960, 8960, 8960, 8960, 8960, 8960, 8960, 8960, 8960, 8960, 8960, 8960, 8960, 8960, 8960, 8960, 8960, 8960, 8960, 8960, 8960, 8960, 8960, 8960, 8960, 8960, 8960, 8960, 8960, 8960, 8960, 8960, 8960, 8960, 8960, 8960, 8960, 8960, 8960, 8960, 8960, 8960, 8960, 8960, 8960, 8960, 8960, 8960, 8960, 8960, 8960, 8960, 8960, 8960, 8960, 8960, 8960, 8960, 8960, 8960, 8960, 8960, 8960, 8960, 8960, 8960, 8960, 8960, 8960, 8960, 8960, 8960, 8960, 8960, 8960, 8960, 8960, 8960, 8960, 8960, 8960, 8960, 8960, 8960, 8960, 8960, 8960, 8960, 8960, 8960, 8960, 8960, 8960, 8960, 8960, 8960, 8960, 8960, 8960
1, 1, 3416385, 0, 3400, 3400, 340, 0, 0, 0, 0, 0, 8000, 0, 0, 0, 0, 0, 0, 8960, 8960, 8960, 8960, 8960, 8960, 8960, 8960, 8960, 8960, 8960, 8960, 8960, 8960, 8960, 8960, 8960, 8960, 8960, 8960, 8960, 8960, 8960, 8960, 8960, 8960, 8960, 8960, 8960, 8960, 8960, 8960, 8960, 8960, 8960, 8960, 8960, 8960, 8960, 8960, 8960, 8960, 8960, 8960, 8960, 8960, 8960, 8960, 8960, 8960, 8960, 8960, 8960, 8960, 8960, 8960, 8960, 8960, 8960, 8960, 8960, 8960, 8960, 8960, 8960, 8960, 8960, 8960, 8960, 8960, 8960, 8960, 8960, 8960, 8960, 8960, 8960, 8960, 8960, 8960, 8960, 8960, 8960, 8960, 8960, 8960, 8960, 8960, 8960, 8960, 8960, 8960, 8960, 8960, 8960, 8960, 8960, 8960, 8960, 8960
1, 1, 3516385, 0, 3400, 3400, 340, 0, 0, 0, 0, 0, 8000, 0, 0, 0, 0, 0, 249, 8960, 8960, 8960, 8960, 8960, 8960, 8960, 8960, 8960, 8960, 8960, 8960, 8960, 8960, 8960, 8960, 8960, 8960, 8960, 8960, 8960, 8960, 8960, 8960, 8960, 8960, 8960, 8960, 8960, 8960, 8960, 8960, 8960, 8960, 8960, 8960, 8960, 8960, 8960, 8960, 8960, 8960, 8960, 8960, 8960, 8960, 8960, 8960, 8960, 8960, 8960, 8960, 8960, 8960, 8960, 8960, 8960, 8960, 8960, 8960, 8960, 8960, 8960, 8960, 8960, 8960, 8960, 8960, 8960, 8960, 8960, 8960, 8960, 8960, 8960, 8960, 8960, 8960, 8960, 8960, 8960, 8960, 8960, 8960, 8960, 8960, 8960, 8960, 8960, 8960, 8960, 8960, 8960, 8960, 8960, 8960, 8960, 8960, 8960, 8960
1, 1, 3616385, 0, 3400, 3400, 340, 0, 0, 0, 0, 0, 8000, 0, 0, 0, 0, 0, 851, 8960, 8960, 8960, 8960, 8960, 8960, 8960, 8960, 8960, 8960, 8960, 8960, 8960, 8960, 8960, 8960, 8960, 8960, 8960, 8960, 8960, 8960, 8960, 8960, 8960, 8960, 8960, 8960, 8960, 8960, 8960, 8960, 8960, 8960, 8960, 8960, 8960, 8960, 8960, 8960, 8960, 8960, 8960, 8960, 8960, 8960, 8960, 8960, 8960, 8960, 8960, 8960, 8960, 8960, 8960, 8960, 8960, 8960, 8960, 8960, 8960, 8960, 8960, 8960, 8960, 8960, 8960, 8960, 8960, 8960, 8960, 8960, 8960, 8960, 8960, 8960, 8960, 8960, 8960, 8960, 8960, 8960, 8960, 8960, 8960, 8960, 8960, 8960, 8960, 8960, 8960, 8960, 8960, 8960, 8960, 8960, 8960, 8960, 8960, 8960
1, 1, 3716385, 0, 3400, 3400, 340, 0, 0, 0, 0, 0, 8000, 0, 0, 0, 0, 0, 336, 8960, 8960, 8960, 8960, 8960, 8960, 8960, 8960, 8960, 8960, 8960, 8960, 8960, 8960, 8960, 8960, 8960, 8960, 8960, 8960, 8960, 8960, 8960, 8960, 8960, 8960, 8960, 8960, 8960, 8960, 8960, 8960, 8960, 8960, 8960, 8960, 8960, 8960, 8960, 8960, 8960, 8960, 8960, 8960, 8960, 8960, 8960, 8960, 8960, 8960, 8960, 8960, 8960, 8960, 8960, 8960, 8960, 8960, 8960, 8960, 8960, 8960, 8960, 8960, 8960, 8960, 8960, 8960, 8960, 8960, 8960, 8960, 8960, 8960, 8960, 8960, 8960, 8960, 8960, 8960, 8960, 8960, 8960, 8960, 8960, 8960, 8960, 8960, 8960, 8960, 8960, 8960, 8960, 8960, 8960, 8960, 8960, 8960, 8960, 8960
1, 1, 3816385, 0, 3400, 3400, 340, 30260, 5043, 138, 34, 8971, 8000, 18308, 40608, 469200, 609, 0, 0, 8960, 8960, 8960, 8960, 8960, 8960, 8960, 8960, 8960, 8960, 8960, 8960, 8960, 8960, 8960, 8960, 8960, 8960, 8960, 8960, 8960, 8960, 8960, 8960, 8960, 8960, 8960, 8960, 8960, 8960, 8960, 8960, 8960, 8960, 8960, 8960, 8960, 8960, 8960, 8960, 8960, 8960, 8960, 8960, 8960, 8960, 8960, 8960, 8960, 8960, 8960, 8960, 8960, 8960, 8960, 8960, 8960, 8960, 8960, 8960, 8960, 8960, 8960, 8960, 8960, 8960, 8960, 8960, 8960, 8960, 8960, 8960, 8960, 8960, 8960, 8960, 8960, 8960, 8960, 8960, 8960, 8960, 8960, 8960, 8960, 8960, 8960, 8965, 8969, 8973, 8973, 8973, 8973, 8973, 8973, 8973, 8973, 8973, 8973, 8973
1, 1, 3916385, 0, 3400, 3400, 340, 191080, 6163, 48, 1, 9367, 8000, 603, 820, 163200, 4614, 0, 0, 8979, 8979, 8979, 8979, 8979, 8979, 8979, 8979, 8979, 8979, 8979, 8979, 8979, 8979, 8982, 8982, 9734, 9517, 9453, 9396, 9221, 9069, 8935, 8943, 8950, 8956, 9712, 9623, 9420, 9420, 9420, 9420, 9420, 9420, 9420, 9420, 9420, 9420, 9420, 9420, 9420, 9420, 9420, 9420, 9420, 9420, 9420, 9420, 9420, 10117, 9853, 9746, 9746, 9746, 9746, 9746, 9746, 9746, 9746, 9746, 9746, 9746, 9746, 9746, 9746, 9746, 9746, 9746, 9746, 9746, 9746, 9746, 9746, 9746, 9746, 9746, 9746, 9746, 9746, 9746, 9746, 9746, 9746, 9746, 9528, 9462, 9404, 10103, 9840, 9735, 9518, 9328, 9328, 9328, 9328, 9328, 9328, 9328, 9328, 9328
1, 1, 4016385, 0, 3400, 3400, 340, 210460, 6190, 57, 1, 9086, 8000, 569, 767, 193800, 4218, 0, 0, 9124, 9124, 8984, 8986, 8986, 8986, 8986, 8986, 8986, 8986, 8986, 8986, 8986, 8986, 8986, 8986, 8986, 8986, 8986, 8986, 8986, 8986, 8986, 8986, 8986, 8986, 8986, 8862, 8862, 8862, 8862, 8862, 8862, 8862, 8862, 8862, 8862, 8862, 8862, 8862, 8862, 8862, 8862, 8862, 8862, 8862, 8862, 8862, 8862, 8862, 8862, 8754, 8660, 8702, 8740, 8740, 9522, 9457, 9400, 9350, 9306, 9393, 9468, 9410, 9359, 9314, 9314, 9314, 9314, 9314, 9314, 9314, 9314, 9314, 9314, 9314, 9314, 9314, 9314, 9314, 9314, 9314, 9314, 9314, 9314, 9314, 9149, 9006, 9005, 9004, 9004, 8878, 8893, 8907, 8918, 8918, 8918, 8918, 8918, 8918
1, 1, 4116385, 0, 3400, 6800, 340, 215900, 6350, 68, 2, 8705, 8000, 631, 936, 231200, 4460, 2, 0, 8918, 8918, 8918, 8918, 8918, 8918, 8918, 8918, 8918, 8803, 8703, 8740, 8772, 8676, 8716, 8752, 8783, 8935, 9068, 9059, 9052, 8920, 8805, 8829, 8851, 8869, 8761, 8665, 8707, 8744, 8651, 8694, 8732, 8641, 8641, 8641, 8641, 8641, 8641, 8641, 8641, 8641, 8641, 8641, 8641, 8641, 8641, 8641, 8641, 8641, 8641, 8641, 8641, 8641, 8561, 8561, 8561, 8561, 8561, 8561, 8561, 8561, 8561, 8561, 8561, 8561, 8561, 8561, 8561, 8561, 8561, 8561, 8561, 8561, 8561, 8561, 8561, 8561, 8561, 8561, 8561, 8561, 8561, 8561, 8561, 8561, 8561, 8561, 8561, 8561, 8561, 8561, 8491, 8429, 8375, 8453, 9397, 9222, 9194, 9170
1, 1, 4216385, 0, 3400, 3400, 340, 439960, 6666, 129, 2, 8783, 8000, 495, 802, 438600, 5032, 0, 0, 8834, 8834, 8834, 8834, 8834, 8834, 8730, 8639, 8684, 8723, 8633, 8554, 8609, 8658, 8701, 8738, 8896, 8909, 8920, 8805, 8829, 8726, 8635, 8680, 8720, 8755, 8661, 8578, 8631, 8802, 8802, 8802, 8802, 8802, 8802, 8802, 8802, 8802, 8802, 8802, 8802, 8802, 8802, 8802, 8802, 8802, 8802, 8802, 8802, 8802, 8802, 8802, 8802, 8802, 8802, 8802, 8802, 8827, 9598, 9398, 9223, 9195, 9171, 9025, 8896, 8909, 8921, 9555, 9486, 9425, 9247, 9091, 9080, 9070, 8936, 8819, 8841, 8861, 8753, 8659, 8577, 8630, 8551, 8482, 8422, 8494, 8432, 8378, 8331, 8414, 8362, 8362, 8362, 8362, 8362, 8362, 8362, 8362, 8362, 8362
1, 1, 4316385, 0, 3400, 3400, 340, 241740, 6361, 66, 1, 8445, 8000, 588, 820, 224400, 4581, 26, 0, 8937, 8945, 9077, 9192, 9168, 9147, 9004, 9003, 8878, 8768, 8797, 8822, 8719, 8629, 8551, 8482, 8546, 8478, 8418, 8366, 8366, 8366, 8366, 8366, 8366, 8366, 8366, 8366, 8366, 8366, 8366, 8366, 8366, 8366, 8366, 8366, 8366, 8366, 8366, 8320, 8320, 8320, 8320, 8320, 8320, 8320, 8320, 8320, 8320, 8320, 8320, 8320, 8320, 8320, 8320, 8320, 8320, 8320, 8320, 8320, 8320, 8280, 8245, 8339, 8339, 8339, 8339, 8339, 8339, 8339, 8339, 8339, 8339, 8339, 8339, 8339, 8339, 8339, 8339, 8339, 8339, 8339, 8339, 8297, 8260, 8352, 8352, 8352, 8352, 8352, 8352, 8352, 8352, 8352, 8352, 8352, 8352, 8352, 8352, 8352
1, 1, 4416385, 0, 3400, 6800, 340, 242760, 6388, 63, 1, 8780, 8000, 574, 892, 214200, 4052, 894, 0, 8498, 9311, 9147, 9129, 9113, 9098, 9098, 9098, 9098, 9098, 9098, 9098, 9098, 9098, 9098, 9098, 9098, 9098, 9098, 9098, 9098, 9098, 9098, 9098, 9098, 9098, 9098, 9086, 9075, 8941, 8948, 8955, 8960, 8840, 8735, 8768, 8797, 8822, 8822, 8822, 8822, 8822, 8822, 8822, 8822, 8822, 8822, 8822, 8822, 8822, 8822, 8822, 8822, 8822, 8822, 8822, 8822, 8719, 8719, 8719, 8719, 8719, 8719, 8719, 8719, 8719, 8719, 8719, 8719, 8719, 8719, 8719, 8719, 8719, 8719, 8719, 8719, 8719, 8719, 8719, 8719, 8719, 8719, 8719, 8719, 8719, 8719, 8754, 8660, 8578, 8505, 8442, 8387, 8338, 8421, 8493, 8557, 8612, 8785, 8937
1, 1, 4516385, 0, 3400, 6800, 340, 211820, 6418, 59, 1, 9212, 8000, 616, 853, 200600, 3938, 650, 0, 8402, 8402, 8402, 8402, 8402, 8402, 8402, 8402, 8402, 8402, 8402, 8402, 8402, 8402, 8402, 8402, 8402, 9101, 9089, 9077, 8943, 8825, 8847, 8866, 8882, 8897, 9035, 9155, 9136, 9136, 9136, 9136, 9136, 9136, 9136, 9136, 9136, 9136, 9136, 9136, 9136, 9136, 9136, 9136, 9136, 9136, 9136, 9136, 9136, 9136, 9136, 9136, 9136, 9136, 9136, 9136, 9136, 9136, 9136, 9136, 9136, 9136, 9136, 9119, 9979, 9979, 9979, 9979, 9979, 9979, 9979, 9979, 9979, 9979, 9979, 9979, 9979, 9979, 9979, 9979, 9979, 9979, 9979, 9979, 9979, 9979, 9979, 9979, 9979, 9979, 9979, 9979, 9979, 9979, 9979, 9979, 9979, 10607, 10281, 10281
1, 1, 4616385, 0, 3400, 6800, 340, 197200, 6162, 52, 1, 9467, 8000, 585, 761, 176800, 4378, 0, 0, 9243, 9243, 9243, 9243, 9243, 9243, 9243, 9243, 9243, 9243, 9243, 9243, 9243, 9243, 9243, 9243, 9243, 9243, 9087, 9087, 9087, 9087, 9087, 9087, 9087, 9087, 9087, 9087, 9087, 9087, 9087, 9087, 9087, 9087, 9087, 9087, 9087, 8951, 8832, 8853, 8872, 9763, 9763, 9763, 9763, 9763, 9763, 9763, 9763, 9763, 9763, 9763, 9763, 9763, 9763, 9763, 9763, 9763, 9763, 9763, 9763, 9763, 9763, 9542, 9349, 9306, 9142, 9142, 9142, 9142, 9142, 9142, 9142, 9142, 9142, 9142, 9142, 9142, 9142, 9142, 9142, 9142, 9142, 9142, 9142, 9142, 9142, 8999, 8874, 9515, 9326, 9326, 9285, 9249, 9218, 9191, 9167, 9146, 9253, 9346
1, 1, 4716385, 0, 3400, 3400, 340, 293080, 6512, 84, 2, 8758, 8000, 562, 800, 285600, 4604, 0, 2, 8429, 8429, 8429, 8429, 8429, 8429, 8429, 8429, 8429, 8429, 8429, 8429, 8429, 8429, 8375, 8328, 8912, 8923, 8808, 8808, 8808, 8808, 8808, 8808, 8808, 8808, 8808, 8808, 8808, 8808, 8808, 8808, 8808, 8808, 8808, 8808, 8808, 8808, 8808, 8808, 8832, 8853, 8853, 8853, 8853, 8853, 8853, 8853, 8853, 8853, 8853, 8853, 8853, 8853, 8853, 8853, 8853, 8853, 8853, 8853, 8853, 8853, 8853, 8746, 8653, 8571, 8875, 8890, 8779, 8806, 8831, 8852, 8870, 8886, 9025, 9147, 9004, 8878, 8893, 8893, 8893, 8893, 8893, 8893, 8893, 8893, 8893, 8893, 8893, 8893, 8893, 8893, 8893, 8893, 8893, 8893, 8893, 8893, 8893, 8893
1, 1, 4816385, 0, 3400, 6800, 340, 179520, 5984, 47, 1, 9160, 8000, 590, 803, 159800, 4486, 0, 0, 8889, 9028, 9028, 9028, 9028, 9028, 9028, 9028, 9028, 9028, 9028, 9028, 9028, 9028, 9028, 9028, 9028, 9028, 9028, 9028, 9028, 9028, 9028, 9028, 8899, 8912, 8923, 9807, 9581, 9581, 9581, 9581, 9581, 9581, 9581, 9581, 9581, 9581, 9581, 9581, 9581, 9581, 9581, 9581, 9581, 9581, 9581, 9581, 9581, 9384, 9384, 9384, 9384, 9384, 9384, 9384, 9384, 9384, 9384, 9384, 9384, 9384, 9384, 9384, 9384, 9384, 9384, 9384, 9384, 9384, 9384, 9211, 9184, 9161, 9016, 9014, 9012, 9011, 9011, 9011, 9011, 9011, 9011, 9011, 9011, 9011, 9011, 9011, 9011, 9011, 9011, 9011, 9011, 9011, 9011, 9011, 9011, 9011, 9009, 9009
1, 1, 4916385, 0, 3400, 6800, 340, 129540, 5888, 34, 2, 9083, 8000, 597, 752, 115600, 3823, 0, 211, 9020, 9020, 9020, 9020, 9020, 9020, 9020, 9020, 9020, 9020, 9020, 9020, 9020, 9020, 9020, 9020, 9020, 9020, 9020, 9020, 9020, 9020, 9020, 9020, 9020, 9020, 9020, 9020, 9020, 9020, 9020, 9020, 9020, 9020, 9020, 9020, 9020, 9020, 9020, 9020, 9020, 9020, 9020, 9018, 9018, 9018, 9018, 9018, 9018, 9018, 9018, 9018, 9018, 9018, 9018, 9018, 9018, 9018, 9018, 9018, 9018, 9018, 9018, 9018, 9018, 9018, 9018, 9018, 9018, 9018, 9391, 9342, 9424, 9371, 9324, 9324, 9324, 9324, 9324, 9324, 9324, 9324, 9324, 9324, 9324, 9324, 9324, 9324, 9324, 9324, 9324, 9324, 9324, 9324, 9324, 9324, 9324, 9159, 9139, 9121
1, 1, 5016385, 0, 3400, 3400, 340, 197540, 6372, 53, 1, 9236, 8000, 674, 848, 180200, 4553, 0, 0, 9106, 9106, 9106, 9106, 9106, 9468, 9284, 9284, 9284, 9284, 9284, 9284, 9284, 9284, 9284, 9284, 9284, 9284, 9284, 9284, 9284, 9284, 9284, 9284, 9284, 9284, 9284, 9284, 9284, 9284, 9124, 9108, 9095, 8958, 8838, 8858, 8876, 8891, 8905, 9042, 9161, 9141, 9123, 9108, 9219, 9067, 8933, 8942, 8949, 8949, 8949, 8949, 8949, 8949, 8949, 8949, 8949, 8949, 8949, 8949, 8949, 8949, 8949, 8949, 8949, 8949, 8949, 8949, 8830, 8726, 8636, 8681, 9721, 9721, 9721, 9721, 9721, 9721, 9721, 9721, 9721, 9721, 9721, 9721, 9721, 9721, 9721, 9721, 9721, 9721, 9721, 9721, 9721, 9721, 9721, 9721, 9721, 9721, 9721, 9721
1, 1, 5116385, 0, 3400, 3400, 340, 0, 0, 0, 0, 9721, 8000, 2620, 2691, 0, 0, 0, 0, 8891, 8905, 9042, 9161, 9141, 9123, 9108, 9219, 9067, 8933, 8942, 8949, 8949, 8949, 8949, 8949, 8949, 8949, 8949, 8949, 8949, 8949, 8949, 8949, 8949, 8949, 8949, 8949, 8949, 8949, 8949, 8830, 8726, 8636, 8681, 9721, 9721, 9721, 9721, 9721, 9721, 9721, 9721, 9721, 9721, 9721, 9721, 9721, 9721, 9721, 9721, 9721, 9721, 9721, 9721, 9721, 9721, 9721, 9721, 9721, 9721, 9721, 9721, 9721, 9721, 9721, 9721, 9721, 9721, 9721, 9721, 9721, 9721, 9721, 9721, 9721, 9721, 9721, 9721, 9721, 9721, 9721, 9721, 9721, 9721, 9721, 9721, 9721, 9721, 9721, 9721, 9721, 9721, 9721, 9721, 9721, 9721, 9721, 9721, 9721
1, 1, 5216385, 0, 3400, 3400, 340, 0, 0, 0, 0, 9721, 8000, 4972, 6215, 0, 0, 0, 60, 9141, 9123, 9108, 9219, 9067, 8933, 8942, 8949, 8949, 8949, 8949, 8949, 8949, 8949, 8949, 8949, 8949, 8949, 8949, 8949, 8949, 8949, 8949, 8949, 8949, 8949, 8949, 8830, 8726, 8636, 8681, 9721, 9721, 9721, 9721, 9721, 9721, 9721, 9721, 9721, 9721, 9721, 9721, 9721, 9721, 9721, 9721, 9721, 9721, 9721, 9721, 9721, 9721, 9721, 9721, 9721, 9721, 9721, 9721, 9721, 9721, 9721, 9721, 9721, 9721, 9721, 9721, 9721, 9721, 9721, 9721, 9721, 9721, 9721, 9721, 9721, 9721, 9721, 9721, 9721, 9721, 9721, 9721, 9721, 9721, 9721, 9721, 9721, 9721, 9721, 9721, 9721, 9721, 9721, 9721, 9721, 9721, 9721, 9721, 9721
1, 1, 5316385, 0, 3400, 3400, 340, 0, 0, 0, 0, 0, 8000, 0, 0, 0, 0, 0, 0, 9141, 9123, 9108, 9219, 9067, 8933, 8942, 8949, 8949, 8949, 8949, 8949, 8949, 8949, 8949, 8949, 8949, 8949, 8949, 8949, 8949, 8949, 8949, 8949, 8949, 8949, 8949, 8830, 8726, 8636, 8681, 9721, 9721, 9721, 9721, 9721, 9721, 9721, 9721, 9721, 9721, 9721, 9721, 9721, 9721, 9721, 9721, 9721, 9721, 9721, 9721, 9721, 9721, 9721, 9721, 9721, 9721, 9721, 9721, 9721, 9721, 9721, 9721, 9721, 9721, 9721, 9721, 9721, 9721, 9721, 9721, 9721, 9721, 9721, 9721, 9721, 9721, 9721, 9721, 9721, 9721, 9721, 9721, 9721, 9721, 9721, 9721, 9721, 9721, 9721, 9721, 9721, 9721, 9721, 9721, 9721, 9721, 9721, 9721, 9721
1, 1, 5416385, 0, 3400, 3400, 340, 0, 0, 0, 0, 0, 8000, 0, 0, 0, 0, 0, 90, 9141, 9123, 9108, 9219, 9067, 8933, 8942, 8949, 8949, 8949, 8949, 8949, 8949, 8949, 8949, 8949, 8949, 8949, 8949, 8949, 8949, 8949, 8949, 8949, 8949, 8949, 8949, 8830, 8726, 8636, 8681, 9721, 9721, 9721, 9721, 9721, 9721, 9721, 9721, 9721, 9721, 9721, 9721, 9721, 9721, 9721, 9721, 9721, 9721, 9721, 9721, 9721, 9721, 9721, 9721, 9721, 9721, 9721, 9721, 9721, 9721, 9721, 9721, 9721, 9721, 9721, 9721, 9721, 9721, 9721, 9721, 9721, 9721, 9721, 9721, 9721, 9721, 9721, 9721, 9721, 9721, 9721, 9721, 9721, 9721, 9721, 9721, 9721, 9721, 9721, 9721, 9721, 9721, 9721, 9721, 9721, 9721, 9721, 9721, 9721
1, 1, 5516385, 0, 3400, 3400, 340, 0, 0, 0, 0, 0, 8000, 0, 0, 0, 0, 13, 0, 9141, 9123, 9108, 9219, 9067, 8933, 8942, 8949, 8949, 8949, 8949, 8949, 8949, 8949, 8949, 8949, 8949, 8949, 8949, 8949, 8949, 8949, 8949, 8949, 8949, 8949, 8949, 8830, 8726, 8636, 8681, 9721, 9721, 9721, 9721, 9721, 9721, 9721, 9721, 9721, 9721, 9721, 9721, 9721, 9721, 9721, 9721, 9721, 9721, 9721, 9721, 9721, 9721, 9721, 9721, 9721, 9721, 9721, 9721, 9721, 9721, 9721, 9721, 9721, 9721, 9721, 9721, 9721, 9721, 9721, 9721, 9721, 9721, 9721, 9721, 9721, 9721, 9721, 9721, 9721, 9721, 9721, 9721, 9721, 9721, 9721, 9721, 9721, 9721, 9721, 9721, 9721, 9721, 9721, 9721, 9721, 9721, 9721, 9721, 9721
1, 1, 5616385, 0, 3400, 3400, 340, 0, 0, 0, 0, 0, 8000, 0, 0, 0, 0, 0, 46, 9141, 9123, 9108, 9219, 9067, 8933, 8942, 8949, 8949, 8949, 8949, 8949, 8949, 8949, 8949, 8949, 8949, 8949, 8949, 8949, 8949, 8949, 8949, 8949, 8949, 8949, 8949, 8830, 8726, 8636, 8681, 9721, 9721, 9721, 9721, 9721, 9721, 9721, 9721, 9721, 9721, 9721, 9721, 9721, 9721, 9721, 9721, 9721, 9721, 9721, 9721, 9721, 9721, 9721, 9721, 9721, 9721, 9721, 9721, 9721, 9721, 9721, 9721, 9721, 9721, 9721, 9721, 9721, 9721, 9721, 9721, 9721, 9721, 9721, 9721, 9721, 9721, 9721, 9721, 9721, 9721, 9721, 9721, 9721, 9721, 9721, 9721, 9721, 9721, 9721, 9721, 9721, 9721, 9721, 9721, 9721, 9721, 9721, 9721, 9721
1, 1, 5716385, 0, 3400, 3400, 340, 0, 0, 0, 0, 0, 8000, 0, 0, 0, 0, 0, 383, 9141, 9123, 9108, 9219, 9067, 8933, 8942, 8949, 8949, 8949, 8949, 8949, 8949, 8949, 8949, 8949, 8949, 8949, 8949, 8949, 8949, 8949, 8949, 8949, 8949, 8949, 8949, 8830, 8726, 8636, 8681, 9721, 9721, 9721, 9721, 9721, 9721, 9721, 9721, 9721, 9721, 9721, 9721, 9721, 9721, 9721, 9721, 9721, 9721, 9721, 9721, 9721, 9721, 9721, 9721, 9721, 9721, 9721, 9721, 9721, 9721, 9721, 9721, 9721, 9721, 9721, 9721, 9721, 9721, 9721, 9721, 9721, 9721, 9721, 9721, 9721, 9721, 9721, 9721, 9721, 9721, 9721, 9721, 9721, 9721, 9721, 9721, 9721, 9721, 9721, 9721, 9721, 9721, 9721, 9721, 9721, 9721, 9721, 9721, 9721
1, 1, 5816385, 0, 3400, 3400, 340, 0, 0, 0, 0, 0, 8000, 0, 0, 0, 0, 0, 0, 9141, 9123, 9108, 9219, 9067, 8933, 8942, 8949, 8949, 8949, 8949, 8949, 8949, 8949, 8949, 8949, 8949, 8949, 8949, 8949, 8949, 8949, 8949, 8949, 8949, 8949, 8949, 8830, 8726, 8636, 8681, 9721, 9721, 9721, 9721, 9721, 9721, 9721, 9721, 9721, 9721, 9721, 9721, 9721, 9721, 9721, 9721, 9721, 9721, 9721, 9721, 9721, 9721, 9721, 9721, 9721, 9721, 9721, 9721, 9721, 9721, 9721, 9721, 9721, 9721, 9721, 9721, 9721, 9721, 9721, 9721, 9721, 9721, 9721, 9721, 9721, 9721, 9721, 9721, 9721, 9721, 9721, 9721, 9721, 9721, 9721, 9721, 9721, 9721, 9721, 9721, 9721, 9721, 9721, 9721, 9721, 9721, 9721, 9721, 9721
1, 1, 5916385, 0, 3400, 3400, 340, 0, 0, 0, 0, 0, 8000, 0, 0, 0, 0, 0, 87, 9141, 9123, 9108, 9219, 9067, 8933, 8942, 8949, 8949, 8949, 8949, 8949, 8949, 8949, 8949, 8949, 8949, 8949, 8949, 8949, 8949, 8949, 8949, 8949, 8949, 8949, 8949, 8830, 8726, 8636, 8681, 9721, 9721, 9721, 9721, 9721, 9721, 9721, 9721, 9721, 9721, 9721, 9721, 9721, 9721, 9721, 9721, 9721, 9721, 9721, 9721, 9721, 9721, 9721, 9721, 9721, 9721, 9721, 9721, 9721, 9721, 9721, 9721, 9721, 9721, 9721, 9721, 9721, 9721, 9721, 9721, 9721, 9721, 9721, 9721, 9721, 9721, 9721, 9721, 9721, 9721, 9721, 9721, 9721, 9721, 9721, 9721, 9721, 9721, 9721, 9721, 9721, 9721, 9721, 9721, 9721, 9721, 9721, 9721, 9721
1, 1, 6016385, 0, 3400, 6800, 340, 71740, 5978, 92, 8, 9451, 8000, 21896, 79623, 312800, 251, 0, 867, 8949, 8949, 8949, 8949, 8949, 8949, 8949, 8949, 8949, 8949, 8949, 8949, 8949, 8949, 8949, 8949, 8830, 8726, 8636, 8681, 9721, 9721, 9721, 9721, 9721, 9721, 9721, 9721, 9721, 9721, 9721, 9721, 9721, 9721, 9721, 9721, 9721, 9721, 9721, 9721, 9721, 9721, 9721, 9721, 9721, 9721, 9721, 9721, 9721, 9721, 9721, 9721, 9721, 9721, 9721, 9721, 9721, 9721, 9721, 9721, 9721, 9721, 9721, 9721, 9721, 9721, 9721, 9721, 9721, 9721, 9721, 9721, 9721, 9721, 9721, 9721, 9721, 9721, 9721, 9721, 9721, 9721, 9721, 9721, 9721, 9721, 9721, 9721, 9721, 9721, 9721, 9506, 9442, 9387, 9339, 9296, 9259, 9352, 9433, 9504
1, 1, 6116385, 0, 3400, 3400, 340, 245820, 6468, 63, 1, 9295, 8000, 629, 841, 214200, 4108, 0, 717, 9647, 9647, 9647, 9647, 9647, 9647, 9441, 9386, 9212, 9061, 9803, 9578, 9505, 9442, 9387, 9338, 9421, 9493, 9432, 9378, 10205, 10055, 9798, 9573, 9501, 9439, 9259, 9101, 8964, 8964, 8964, 8964, 8964, 8964, 8964, 8964, 8964, 8964, 8964, 8964, 8964, 8964, 8964, 8964, 8964, 8964, 8964, 8964, 8964, 8964, 8964, 8964, 8964, 8964, 8964, 8964, 8964, 8964, 8964, 8843, 8738, 9520, 9455, 9398, 9223, 9195, 9195, 9195, 9195, 9195, 9195, 9195, 9195, 9195, 9195, 9195, 9195, 9195, 9195, 9195, 9195, 9195, 9195, 9195, 9195, 9195, 9195, 9195, 9195, 9195, 9195, 9195, 9195, 9195, 9195, 9195, 9195, 9195, 9171, 9025
1, 1, 6216385, 0, 3400, 3400, 340, 161160, 6198, 41, 1, 8936, 8000, 645, 857, 139400, 3889, 0, 653, 8805, 8805, 8805, 8805, 8805, 8805, 8805, 8805, 8805, 8805, 8805, 8805, 8805, 9330, 9413, 9413, 9413, 9413, 9413, 9413, 9413, 9413, 9413, 9413, 9413, 9413, 9413, 9413, 9413, 9413, 9413, 9413, 9413, 9413, 9413, 9413, 9413, 9237, 9082, 9072, 8938, 8820, 8843, 8862, 8880, 8895, 8908, 9044, 9164, 9143, 9125, 9109, 8971, 8849, 8743, 8743, 8743, 8743, 8743, 8743, 8743, 8743, 8743, 8743, 8743, 8743, 8743, 8743, 8743, 8743, 8743, 8743, 8743, 8743, 8743, 8743, 8743, 8743, 8743, 8743, 8743, 8743, 8743, 8743, 8743, 8743, 8743, 8743, 8743, 8743, 8743, 8743, 8743, 8743, 8743, 8743, 8743, 8743, 8743, 8743
1, 1, 6316385, 0, 3400, 3400, 340, 0, 0, 0, 0, 8743, 8000, 1273, 1418, 0, 0, 0, 798, 8743, 8743, 8743, 8743, 8743, 8743, 8743, 8743, 8743, 8743, 8743, 8743, 8743, 8743, 8743, 8743, 8743, 8743, 8743, 8743, 8743, 8743, 8743, 8743, 8743, 8743, 8743, 8743, 8743, 8743, 8743, 8743, 8743, 8743, 8743, 8743, 8743, 8743, 8743, 8743, 8743, 8743, 8743, 8743, 8743, 8743, 8743, 8743, 8743, 8743, 8743, 8743, 8743, 8743, 8743, 8743, 8743, 8743, 8743, 8743, 8743, 8743, 8743, 8743, 8743, 8743, 8743, 8743, 8743, 8743, 8743, 8743, 8743, 8743, 8743, 8743, 8743, 8743, 8743, 8743, 8743, 8743, 8743, 8743, 8743, 8743, 8743, 8743, 8743, 8743, 8743, 8743, 8743, 8743, 8743, 8743, 8743, 8743, 8743, 8743
1, 1, 6416385, 0, 3400, 3400, 340, 0, 0, 0, 0, 8743, 8000, 1663, 1691, 0, 0, 0, 544, 8743, 8743, 8743, 8743, 8743, 8743, 8743, 8743, 8743, 8743, 8743, 8743, 8743, 8743, 8743, 8743, 8743, 8743, 8743, 8743, 8743, 8743, 8743, 8743, 8743, 8743, 8743, 8743, 8743, 8743, 8743, 8743, 8743, 8743, 8743, 8743, 8743, 8743, 8743, 8743, 8743, 8743, 8743, 8743, 8743, 8743, 8743, 8743, 8743, 8743, 8743, 8743, 8743, 8743, 8743, 8743, 8743, 8743, 8743, 8743, 8743, 8743, 8743, 8743, 8743, 8743, 8743, 8743, 8743, 8743, 8743, 8743, 8743, 8743, 8743, 8743, 8743, 8743, 8743, 8743, 8743, 8743, 8743, 8743, 8743, 8743, 8743, 8743, 8743, 8743, 8743, 8743, 8743, 8743, 8743, 8743, 8743, 8743, 8743, 8743
1, 1, 6516385, 0, 3400, 3400, 340, 0, 0, 0, 0, 8743, 8000, 2430, 2491, 0, 0, 2, 974, 8743, 8743, 8743, 8743, 8743, 8743, 8743, 8743, 8743, 8743, 8743, 8743, 8743, 8743, 8743, 8743, 8743, 8743, 8743, 8743, 8743, 8743, 8743, 8743, 8743, 8743, 8743, 8743, 8743, 8743, 8743, 8743, 8743, 8743, 8743, 8743, 8743, 8743, 8743, 8743, 8743, 8743, 8743, 8743, 8743, 8743, 8743, 8743, 8743, 8743, 8743, 8743, 8743, 8743, 8743, 8743, 8743, 8743, 8743, 8743, 8743, 8743, 8743, 8743, 8743, 8743, 8743, 8743, 8743, 8743, 8743, 8743, 8743, 8743, 8743, 8743, 8743, 8743, 8743, 8743, 8743, 8743, 8743, 8743, 8743, 8743, 8743, 8743, 8743, 8743, 8743, 8743, 8743, 8743, 8743, 8743, 8743, 8743, 8743, 8743
1, 1, 6616385, 0, 3400, 3400, 340, 0, 0, 0, 0, 8743, 8000, 6644, 6644, 0, 0, 0, 625, 8743, 8743, 8743, 8743, 8743, 8743, 8743, 8743, 8743, 8743, 8743, 8743, 8743, 8743, 8743, 8743, 8743, 8743, 8743, 8743, 8743, 8743, 8743, 8743, 8743, 8743, 8743, 8743, 8743, 8743, 8743, 8743, 8743, 8743, 8743, 8743, 8743, 8743, 8743, 8743, 8743, 8743, 8743, 8743, 8743, 8743, 8743, 8743, 8743, 8743, 8743, 8743, 8743, 8743, 8743, 8743, 8743, 8743, 8743, 8743, 8743, 8743, 8743, 8743, 8743, 8743, 8743, 8743, 8743, 8743, 8743, 8743, 8743, 8743, 8743, 8743, 8743, 8743, 8743, 8743, 8743, 8743, 8743, 8743, 8743, 8743, 8743, 8743, 8743, 8743, 8743, 8743, 8743, 8743, 8743, 8743, 8743, 8743, 8743, 8743
1, 1, 6716385, 0, 3400, 3400, 340, 0, 0, 0, 0, 8743, 8000, 8296, 8296, 0, 0, 26, 626, 8743, 8743, 8743, 8743, 8743, 8743, 8743, 8743, 8743, 8743, 8743, 8743, 8743, 8743, 8743, 8743, 8743, 8743, 8743, 8743, 8743, 8743, 8743, 8743, 8743, 8743, 8743, 8743, 8743, 8743, 8743, 8743, 8743, 8743, 8743, 8743, 8743, 8743, 8743, 8743, 8743, 8743, 8743, 8743, 8743, 8743, 8743, 8743, 8743, 8743, 8743, 8743, 8743, 8743, 8743, 8743, 8743, 8743, 8743, 8743, 8743, 8743, 8743, 8743, 8743, 8743, 8743, 8743, 8743, 8743, 8743, 8743, 8743, 8743, 8743, 8743, 8743, 8743, 8743, 8743, 8743, 8743, 8743, 8743, 8743, 8743, 8743, 8743, 8743, 8743, 8743, 8743, 8743, 8743, 8743, 8743, 8743, 8743, 8743, 8743
1, 1, 6816385, 0, 3400, 3400, 340, 0, 0, 0, 0, 0, 8000, 0, 0, 0, 0, 729, 571, 8743, 8743, 8743, 8743, 8743, 8743, 8743, 8743, 8743, 8743, 8743, 8743, 8743, 8743, 8743, 8743, 8743, 8743, 8743, 8743, 8743, 8743, 8743, 8743, 8743, 8743, 8743, 8743, 8743, 8743, 8743, 8743, 8743, 8743, 8743, 8743, 8743, 8743, 8743, 8743, 8743, 8743, 8743, 8743, 8743, 8743, 8743, 8743, 8743, 8743, 8743, 8743, 8743, 8743, 8743, 8743, 8743, 8743, 8743, 8743, 8743, 8743, 8743, 8743, 8743, 8743, 8743, 8743, 8743, 8743, 8743, 8743, 8743, 8743, 8743, 8743, 8743, 8743, 8743, 8743, 8743, 8743, 8743, 8743, 8743, 8743, 8743, 8743, 8743, 8743, 8743, 8743, 8743, 8743, 8743, 8743, 8743, 8743, 8743, 8743
1, 1, 6916385, 0, 3400, 3400, 340, 0, 0, 0, 0, 0, 8000, 0, 0, 0, 0, 0, 0, 8743, 8743, 8743, 8743, 8743, 8743, 8743, 8743, 8743, 8743, 8743, 8743, 8743, 8743, 8743, 8743, 8743, 8743, 8743, 8743, 8743, 8743, 8743, 8743, 8743, 8743, 8743, 8743, 8743, 8743, 8743, 8743, 8743, 8743, 8743, 8743, 8743, 8743, 8743, 8743, 8743, 8743, 8743, 8743, 8743, 8743, 8743, 8743, 8743, 8743, 8743, 8743, 8743, 8743, 8743, 8743, 8743, 8743, 8743, 8743, 8743, 8743, 8743, 8743, 8743, 8743, 8743, 8743, 8743, 8743, 8743, 8743, 8743, 8743, 8743, 8743, 8743, 8743, 8743, 8743, 8743, 8743, 8743, 8743, 8743, 8743, 8743, 8743, 8743, 8743, 8743, 8743, 8743, 8743, 8743, 8743, 8743, 8743, 8743, 8743
1, 1, 7016385, 0, 3400, 3400, 340, 0, 0, 0, 0, 0, 8000, 0, 0, 0, 0, 252, 0, 8743, 8743, 8743, 8743, 8743, 8743, 8743, 8743, 8743, 8743, 8743, 8743, 8743, 8743, 8743, 8743, 8743, 8743, 8743, 8743, 8743, 8743, 8743, 8743, 8743, 8743, 8743, 8743, 8743, 8743, 8743, 8743, 8743, 8743, 8743, 8743, 8743, 8743, 8743, 8743, 8743, 8743, 8743, 8743, 8743, 8743, 8743, 8743, 8743, 8743, 8743, 8743, 8743, 8743, 8743, 8743, 8743, 8743, 8743, 8743, 8743, 8743, 8743, 8743, 8743, 8743, 8743, 8743, 8743, 8743, 8743, 8743, 8743, 8743, 8743, 8743, 8743, 8743, 8743, 8743, 8743, 8743, 8743, 8743, 8743, 8743, 8743, 8743, 8743, 8743, 8743, 8743, 8743, 8743, 8743, 8743, 8743, 8743, 8743, 8743
1, 1, 7116385, 0, 3400, 3400, 340, 0, 0, 0, 0, 0, 8000, 0, 0, 0, 0, 978, 0, 8743, 8743, 8743, 8743, 8743, 8743, 8743, 8743, 8743, 8743, 8743, 8743, 8743, 8743, 8743, 8743, 8743, 8743, 8743, 8743, 8743, 8743, 8743, 8743, 8743, 8743, 8743, 8743, 8743, 8743, 8743, 8743, 8743, 8743, 8743, 8743, 8743, 8743, 8743, 8743, 8743, 8743, 8743, 8743, 8743, 8743, 8743, 8743, 8743, 8743, 8743, 8743, 8743, 8743, 8743, 8743, 8743, 8743, 8743, 8743, 8743, 8743, 8743, 8743, 8743, 8743, 8743, 8743, 8743, 8743, 8743, 8743, 8743, 8743, 8743, 8743, 8743, 8743, 8743, 8743, 8743, 8743, 8743, 8743, 8743, 8743, 8743, 8743, 8743, 8743, 8743, 8743, 8743, 8743, 8743, 8743, 8743, 8743, 8743, 8743
1, 1, 7216385, 0, 3400, 3400, 340, 57460, 5746, 169, 21, 8895, 8000, 15302, 35740, 574600, 636, 0, 0, 8743, 8743, 8743, 8743, 8743, 8743, 8743, 8743, 8743, 8743, 8743, 8743, 8743, 8743, 8743, 8743, 8743, 8743, 8743, 8743, 8743, 8743, 8743, 8743, 8743, 8743, 8743, 8743, 8743, 8743, 8743, 8743, 8743, 8743, 8743, 8743, 8743, 8743, 8743, 8743, 8743, 8743, 8743, 8743, 8743, 8743, 8743, 8743, 8743, 8743, 8743, 8743, 8743, 8743, 8743, 8743, 8743, 8743, 8743, 8743, 8743, 8743, 8743, 8743, 8743, 8743, 8743, 8743, 8743, 8743, 8743, 8743, 8743, 8743, 8743, 8743, 8743, 8743, 8743, 8743, 8743, 8743, 8743, 8743, 8743, 8743, 8743, 8743, 8775, 8803, 8828, 8849, 8993, 8993, 8993, 8993, 8993, 8993, 8993, 8993
1, 1, 7316385, 0, 3400, 3400, 340, 320960, 6550, 92, 2, 8657, 8000, 541, 785, 312800, 5045, 0, 0, 8474, 8539, 8597, 8647, 8816, 8816, 8816, 8816, 8816, 8816, 8816, 8816, 8816, 8816, 8816, 8816, 8816, 8816, 8816, 8816, 8816, 8816, 8816, 8816, 8714, 8750, 8781, 8683, 8598, 8598, 8598, 8598, 8598, 8598, 8598, 8598, 8598, 8598, 8598, 8598, 8598, 8598, 8598, 8598, 8598, 8598, 8598, 8598, 8598, 8648, 8567, 8621, 8793, 8694, 8607, 8656, 8699, 8737, 8770, 8798, 8948, 8830, 8726, 8760, 8790, 8691, 8605, 8529, 8588, 8639, 8559, 8489, 8428, 8375, 8328, 8287, 8376, 8454, 8397, 8397, 8397, 8397, 8397, 8397, 8397, 8397, 8397, 8397, 8397, 8397, 8397, 8397, 8397, 8397, 8397, 8397, 8397, 8397, 8397, 8397
1, 1, 7416385, 0, 3400, 3400, 340, 292400, 6356, 81, 1, 8801, 8000, 545, 803, 275400, 4563, 0, 0, 8937, 8945, 8951, 8957, 8963, 9092, 9206, 9180, 9032, 9032, 9032, 9032, 9032, 9032, 9032, 9032, 9032, 9032, 9032, 9032, 9032, 9032, 9032, 9032, 9032, 9032, 9032, 9032, 9032, 9028, 9025, 8897, 8897, 8897, 8897, 8897, 8897, 8897, 8897, 8897, 8897, 8897, 8897, 8897, 8897, 8897, 8897, 8897, 8897, 8897, 8897, 8897, 8784, 8784, 8784, 8784, 8784, 8784, 8784, 8784, 8784, 8784, 8784, 8784, 8784, 8784, 8784, 8784, 8784, 8784, 8784, 8784, 8784, 8784, 8811, 8710, 8621, 8621, 9543, 9350, 9181, 9034, 9029, 9026, 9022, 9020, 9017, 9140, 8997, 8873, 8888, 8902, 8789, 8789, 8789, 8789, 8789, 8789, 8789, 8789
1, 1, 7516385, 0, 3400, 3400, 340, 150960, 6290, 39, 1, 8844, 8000, 671, 868, 132600, 4166, 0, 0, 8839, 8734, 8734, 9517, 9452, 9396, 9221, 9068, 9060, 9060, 9060, 9060, 9060, 9060, 9060, 9060, 9060, 9060, 9060, 9060, 9060, 9060, 9060, 9060, 9060, 9060, 9052, 8921, 8921, 8921, 8921, 8921, 8921, 8921, 8921, 8921, 8921, 8921, 8921, 8921, 8921, 8921, 8921, 8921, 8921, 8921, 8921, 8921, 8921, 8921, 8921, 8921, 8921, 8921, 8921, 8921, 8921, 8921, 8921, 8921, 8921, 8806, 8705, 8617, 8539, 8472, 8413, 8486, 8550, 8607, 8656, 8656, 8656, 8656, 8656, 8656, 8656, 8656, 8656, 8656, 8656, 8656, 8656, 8656, 8656, 8656, 8656, 8656, 8656, 8656, 8656, 8656, 8656, 8656, 8656, 8656, 8656, 8656, 8656, 8656
1, 1, 7616385, 0, 3400, 3400, 340, 222700, 6362, 66, 2, 8944, 8000, 600, 880, 224400, 4126, 0, 0, 9377, 9377, 9377, 9377, 9377, 9377, 9377, 9377, 9377, 9377, 9377, 9377, 9377, 9377, 9330, 9163, 9018, 8891, 8904, 8791, 8692, 8731, 8764, 8669, 8585, 8637, 8682, 8722, 8757, 8787, 8938, 8938, 8938, 8938, 8938, 8938, 8938, 8938, 8938, 8938, 8938, 8938, 8938, 8938, 8938, 8938, 8938, 8938, 8938, 8938, 8938, 8938, 8938, 8821, 8718, 8754, 8754, 8659, 8702, 8739, 8772, 8800, 8825, 8972, 9100, 9088, 9077, 8942, 8824, 8846, 8865, 8882, 8882, 8882, 8882, 8882, 8882, 8882, 8882, 8882, 8882, 8882, 8882, 8882, 8882, 8882, 8882, 8882, 8882, 8882, 8882, 8882, 8882, 8882, 8882, 8882, 8882, 8882, 8882, 8882
1, 1, 7716385, 0, 3400, 3400, 340, 0, 0, 0, 0, 8882, 8000, 1060, 1071, 0, 0, 0, 0, 8882, 8882, 8882, 8882, 8882, 8882, 8882, 8882, 8882, 8882, 8882, 8882, 8882, 8882, 8882, 8882, 8882, 8882, 8882, 8882, 8882, 8882, 8882, 8882, 8882, 8882, 8882, 8882, 8882, 8882, 8882, 8882, 8882, 8882, 8882, 8882, 8882, 8882, 8882, 8882, 8882, 8882, 8882, 8882, 8882, 8882, 8882, 8882, 8882, 8882, 8882, 8882, 8882, 8882, 8882, 8882, 8882, 8882, 8882, 8882, 8882, 8882, 8882, 8882, 8882, 8882, 8882, 8882, 8882, 8882, 8882, 8882, 8882, 8882, 8882, 8882, 8882, 8882, 8882, 8882, 8882, 8882, 8882, 8882, 8882, 8882, 8882, 8882, 8882, 8882, 8882, 8882, 8882, 8882, 8882, 8882, 8882, 8882, 8882, 8882
1, 1, 7816385, 0, 3400, 3400, 340, 0, 0, 0, 0, 8882, 8000, 1876, 1912, 0, 0, 0, 23, 8882, 8882, 8882, 8882, 8882, 8882, 8882, 8882, 8882, 8882, 8882, 8882, 8882, 8882, 8882, 8882, 8882, 8882, 8882, 8882, 8882, 8882, 8882, 8882, 8882, 8882, 8882, 8882, 8882, 8882, 8882, 8882, 8882, 8882, 8882, 8882, 8882, 8882, 8882, 8882, 8882, 8882, 8882, 8882, 8882, 8882, 8882, 8882, 8882, 8882, 8882, 8882, 8882, 8882, 8882, 8882, 8882, 8882, 8882, 8882, 8882, 8882, 8882, 8882, 8882, 8882, 8882, 8882, 8882, 8882, 8882, 8882, 8882, 8882, 8882, 8882, 8882, 8882, 8882, 8882, 8882, 8882, 8882, 8882, 8882, 8882, 8882, 8882, 8882, 8882, 8882, 8882, 8882, 8882, 8882, 8882, 8882, 8882, 8882, 8882
1, 1, 7916385, 0, 3400, 3400, 340, 0, 0, 0, 0, 8882, 8000, 3319, 3687, 0, 0, 0, 0, 8882, 8882, 8882, 8882, 8882, 8882, 8882, 8882, 8882, 8882, 8882, 8882, 8882, 8882, 8882, 8882, 8882, 8882, 8882, 8882, 8882, 8882, 8882, 8882, 8882, 8882, 8882, 8882, 8882, 8882, 8882, 8882, 8882, 8882, 8882, 8882, 8882, 8882, 8882, 8882, 8882, 8882, 8882, 8882, 8882, 8882, 8882, 8882, 8882, 8882, 8882, 8882, 8882, 8882, 8882, 8882, 8882, 8882, 8882, 8882, 8882, 8882, 8882, 8882, 8882, 8882, 8882, 8882, 8882, 8882, 8882, 8882, 8882, 8882, 8882, 8882, 8882, 8882, 8882, 8882, 8882, 8882, 8882, 8882, 8882, 8882, 8882, 8882, 8882, 8882, 8882, 8882, 8882, 8882, 8882, 8882, 8882, 8882, 8882, 8882
1, 1, 8016385, 0, 3400, 3400, 340, 0, 0, 0, 0, 8882, 8000, 4356, 4356, 0, 0, 0, 162, 8882, 8882, 8882, 8882, 8882, 8882, 8882, 8882, 8882, 8882, 8882, 8882, 8882, 8882, 8882, 8882, 8882, 8882, 8882, 8882, 8882, 8882, 8882, 8882, 8882, 8882, 8882, 8882, 8882, 8882, 8882, 8882, 8882, 8882, 8882, 8882, 8882, 8882, 8882, 8882, 8882, 8882, 8882, 8882, 8882, 8882, 8882, 8882, 8882, 8882, 8882, 8882, 8882, 8882, 8882, 8882, 8882, 8882, 8882, 8882, 8882, 8882, 8882, 8882, 8882, 8882, 8882, 8882, 8882, 8882, 8882, 8882, 8882, 8882, 8882, 8882, 8882, 8882, 8882, 8882, 8882, 8882, 8882, 8882, 8882, 8882, 8882, 8882, 8882, 8882, 8882, 8882, 8882, 8882, 8882, 8882, 8882, 8882, 8882, 8882
1, 1, 8116385, 0, 3400, 3400, 340, 0, 0, 0, 0, 0, 8000, 0, 0, 0, 0, 0, 1465, 8882, 8882, 8882, 8882, 8882, 8882, 8882, 8882, 8882, 8882, 8882, 8882, 8882, 8882, 8882, 8882, 8882, 8882, 8882, 8882, 8882, 8882, 8882, 8882, 8882, 8882, 8882, 8882, 8882, 8882, 8882, 8882, 8882, 8882, 8882, 8882, 8882, 8882, 8882, 8882, 8882, 8882, 8882, 8882, 8882, 8882, 8882, 8882, 8882, 8882, 8882, 8882, 8882, 8882, 8882, 8882, 8882, 8882, 8882, 8882, 8882, 8882, 8882, 8882, 8882, 8882, 8882, 8882, 8882, 8882, 8882, 8882, 8882, 8882, 8882, 8882, 8882, 8882, 8882, 8882, 8882, 8882, 8882, 8882, 8882, 8882, 8882, 8882, 8882, 8882, 8882, 8882, 8882, 8882, 8882, 8882, 8882, 8882, 8882, 8882
1, 1, 8216385, 0, 3400, 3400, 340, 0, 0, 0, 0, 0, 8000, 0, 0, 0, 0, 0, 923, 8882, 8882, 8882, 8882, 8882, 8882, 8882, 8882, 8882, 8882, 8882, 8882, 8882, 8882, 8882, 8882, 8882, 8882, 8882, 8882, 8882, 8882, 8882, 8882, 8882, 8882, 8882, 8882, 8882, 8882, 8882, 8882, 8882, 8882, 8882, 8882, 8882, 8882, 8882, 8882, 8882, 8882, 8882, 8882, 8882, 8882, 8882, 8882, 8882, 8882, 8882, 8882, 8882, 8882, 8882, 8882, 8882, 8882, 8882, 8882, 8882, 8882, 8882, 8882, 8882, 8882, 8882, 8882, 8882, 8882, 8882, 8882, 8882, 8882, 8882, 8882, 8882, 8882, 8882, 8882, 8882, 8882, 8882, 8882, 8882, 8882, 8882, 8882, 8882, 8882, 8882, 8882, 8882, 8882, 8882, 8882, 8882, 8882, 8882, 8882
1, 1, 8316385, 0, 3400, 3400, 340, 0, 0, 0, 0, 0, 8000, 0, 0, 0, 0, 0, 948, 8882, 8882, 8882, 8882, 8882, 8882, 8882, 8882, 8882, 8882, 8882, 8882, 8882, 8882, 8882, 8882, 8882, 8882, 8882, 8882, 8882, 8882, 8882, 8882, 8882, 8882, 8882, 8882, 8882, 8882, 8882, 8882, 8882, 8882, 8882, 8882, 8882, 8882, 8882, 8882, 8882, 8882, 8882, 8882, 8882, 8882, 8882, 8882, 8882, 8882, 8882, 8882, 8882, 8882, 8882, 8882, 8882, 8882, 8882, 8882, 8882, 8882, 8882, 8882, 8882, 8882, 8882, 8882, 8882, 8882, 8882, 8882, 8882, 8882, 8882, 8882, 8882, 8882, 8882, 8882, 8882, 8882, 8882, 8882, 8882, 8882, 8882, 8882, 8882, 8882, 8882, 8882, 8882, 8882, 8882, 8882, 8882, 8882, 8882, 8882
1, 1, 8416385, 0, 3400, 3400, 340, 0, 0, 0, 0, 0, 8000, 0, 0, 0, 0, 0, 864, 8882, 8882, 8882, 8882, 8882, 8882, 8882, 8882, 8882, 8882, 8882, 8882, 8882, 8882, 8882, 8882, 8882, 8882, 8882, 8882, 8882, 8882, 8882, 8882, 8882, 8882, 8882, 8882, 8882, 8882, 8882, 8882, 8882, 8882, 8882, 8882, 8882, 8882, 8882, 8882, 8882, 8882, 8882, 8882, 8882, 8882, 8882, 8882, 8882, 8882, 8882, 8882, 8882, 8882, 8882, 8882, 8882, 8882, 8882, 8882, 8882, 8882, 8882, 8882, 8882, 8882, 8882, 8882, 8882, 8882, 8882, 8882, 8882, 8882, 8882, 8882, 8882, 8882, 8882, 8882, 8882, 8882, 8882, 8882, 8882, 8882, 8882, 8882, 8882, 8882, 8882, 8882, 8882, 8882, 8882, 8882, 8882, 8882, 8882, 8882
1, 1, 8516385, 0, 3400, 3400, 340, 0, 0, 0, 0, 0, 8000, 0, 0, 0, 0, 0, 328, 8882, 8882, 8882, 8882, 8882, 8882, 8882, 8882, 8882, 8882, 8882, 8882, 8882, 8882, 8882, 8882, 8882, 8882, 8882, 8882, 8882, 8882, 8882, 8882, 8882, 8882, 8882, 8882, 8882, 8882, 8882, 8882, 8882, 8882, 8882, 8882, 8882, 8882, 8882, 8882, 8882, 8882, 8882, 8882, 8882, 8882, 8882, 8882, 8882, 8882, 8882, 8882, 8882, 8882, 8882, 8882, 8882, 8882, 8882, 8882, 8882, 8882, 8882, 8882, 8882, 8882, 8882, 8882, 8882, 8882, 8882, 8882, 8882, 8882, 8882, 8882, 8882, 8882, 8882, 8882, 8882, 8882, 8882, 8882, 8882, 8882, 8882, 8882, 8882, 8882, 8882, 8882, 8882, 8882, 8882, 8882, 8882, 8882, 8882, 8882
1, 1, 8616385, 0, 3400, 6800, 340, 64940, 5903, 242, 24, 9089, 8000, 15499, 51665, 822800, 651, 0, 0, 8882, 8882, 8882, 8882, 8882, 8882, 8882, 8882, 8882, 8882, 8882, 8882, 8882, 8882, 8882, 8882, 8882, 8882, 8882, 8882, 8882, 8882, 8882, 8882, 8882, 8882, 8882, 8882, 8882, 8882, 8882, 8882, 8882, 8882, 8882, 8882, 8882, 8882, 8882, 8882, 8882, 8882, 8882, 8882, 8882, 8882, 8882, 8882, 8882, 8882, 8882, 8882, 8882, 8882, 8882, 8882, 8882, 8882, 8882, 8882, 8882, 8882, 8882, 8882, 8882, 8882, 8882, 8882, 8882, 8882, 8882, 8882, 8882, 8882, 8882, 8882, 8882, 8882, 8882, 8882, 8882, 8882, 8882, 8882, 8882, 8882, 8882, 8882, 8882, 8882, 8897, 8910, 8921, 8931, 9064, 9181, 9283, 9373, 9373, 9373
1, 1, 8716385, 0, 3400, 3400, 340, 159800, 6146, 42, 2, 9379, 8000, 639, 777, 142800, 4236, 0, 0, 9326, 9160, 9890, 9890, 9890, 9890, 9890, 9890, 9890, 9890, 9890, 9890, 9890, 9890, 9890, 9890, 9890, 9890, 9890, 9890, 9890, 9890, 9890, 9890, 9890, 9890, 9890, 9890, 9890, 9890, 9890, 9890, 9890, 9890, 9890, 9890, 9890, 9890, 9890, 9890, 9890, 9890, 9890, 9890, 9654, 10197, 10047, 9791, 9692, 9606, 9530, 9464, 9531, 9589, 9391, 9217, 9190, 9041, 8911, 8911, 8911, 8911, 8911, 8911, 8911, 8911, 8911, 8911, 8911, 8911, 8911, 8911, 8911, 8911, 8911, 8911, 8911, 8797, 8697, 8735, 8735, 8735, 8735, 8735, 8735, 8735, 8735, 8735, 8735, 8735, 8735, 8735, 8735, 8735, 8735, 8735, 8735, 8735, 8735, 8735
1, 1, 8816385, 0, 3400, 3400, 340, 440640, 6676, 143, 2, 8603, 8000, 516, 907, 486200, 4744, 0, 0, 8768, 8797, 8697, 8610, 8659, 8701, 8701, 8701, 8701, 8701, 8701, 8701, 8701, 8701, 8701, 8701, 8701, 8701, 8701, 8701, 8701, 8701, 8701, 8701, 8701, 8701, 8701, 8701, 8701, 8701, 8701, 8701, 8701, 8701, 8701, 8701, 8701, 8739, 8739, 8646, 8690, 8729, 8638, 8558, 8613, 8661, 8704, 8741, 8898, 9036, 9031, 8902, 8914, 8925, 8809, 8708, 8620, 8667, 8584, 8511, 8447, 8391, 8342, 8299, 8262, 8354, 8435, 8380, 8333, 8416, 8489, 8553, 8484, 8548, 8479, 8419, 8367, 8446, 8390, 8341, 8299, 8386, 8338, 8296, 8384, 8336, 8294, 8382, 8459, 8402, 8351, 8432, 8378, 8331, 8414, 8414, 8414, 8414, 8414, 8414
1, 1, 8916385, 0, 3400, 6800, 340, 304300, 6474, 87, 1, 9001, 8000, 539, 801, 295800, 4707, 0, 0, 9305, 9392, 9468, 9468, 9468, 9468, 9468, 9468, 9468, 9468, 9468, 9468, 9468, 9468, 9468, 9468, 9468, 9468, 9468, 9468, 9468, 9468, 9468, 9284, 9249, 9218, 9065, 9682, 9597, 9522, 9457, 9400, 9350, 9431, 9377, 9330, 9288, 9127, 8986, 8863, 8755, 8786, 8812, 8711, 8622, 8669, 8710, 8747, 8653, 8696, 8696, 8696, 8696, 8696, 8696, 8696, 8696, 8696, 8696, 8696, 8696, 8696, 8696, 8696, 8696, 8696, 8696, 8696, 8696, 8696, 8696, 9234, 9330, 9164, 9164, 9164, 9164, 9164, 9164, 9164, 9164, 9164, 9164, 9164, 9164, 9164, 9164, 9164, 9164, 9164, 9164, 9164, 9164, 9164, 9164, 9018, 8891, 8904, 8904, 8904
1, 1, 9016385, 0, 3400, 3400, 340, 6460, 6460, 0, 0, 8904, 8000, 1036, 1005, 0, 0, 0, 0, 8904, 8904, 8904, 8904, 8904, 8904, 8904, 8904, 8904, 8904, 8904, 8904, 8904, 8904, 8904, 8904, 8904, 8904, 8904, 8904, 8904, 8904, 8904, 8904, 8904, 8904, 8904, 8904, 8904, 8904, 8904, 8904, 8904, 8904, 8904, 8904, 8904, 8904, 8904, 8904, 8904, 8904, 8904, 8904, 8904, 8904, 8904, 8904, 8904, 8904, 8904, 8904, 8904, 8904, 8904, 8904, 8904, 8904, 8904, 8904, 8904, 8904, 8904, 8904, 8904, 8904, 8904, 8904, 8904, 8904, 8904, 8904, 8904, 8904, 8904, 8904, 8904, 8904, 8904, 8904, 8904, 8904, 8904, 8904, 8904, 8904, 8904, 8904, 8904, 8904, 8904, 8904, 8904, 8904, 8904, 8904, 8904, 8904, 8904, 8904
1, 1, 9116385, 0, 3400, 3400, 340, 0, 0, 0, 0, 8904, 8000, 2215, 2373, 0, 0, 1, 0, 8904, 8904, 8904, 8904, 8904, 8904, 8904, 8904, 8904, 8904, 8904, 8904, 8904, 8904, 8904, 8904, 8904, 8904, 8904, 8904, 8904, 8904, 8904, 8904, 8904, 8904, 8904, 8904, 8904, 8904, 8904, 8904, 8904, 8904, 8904, 8904, 8904, 8904, 8904, 8904, 8904, 8904, 8904, 8904, 8904, 8904, 8904, 8904, 8904, 8904, 8904, 8904, 8904, 8904, 8904, 8904, 8904, 8904, 8904, 8904, 8904, 8904, 8904, 8904, 8904, 8904, 8904, 8904, 8904, 8904, 8904, 8904, 8904, 8904, 8904, 8904, 8904, 8904, 8904, 8904, 8904, 8904, 8904, 8904, 8904, 8904, 8904, 8904, 8904, 8904, 8904, 8904, 8904, 8904, 8904, 8904, 8904, 8904, 8904, 8904
1, 1, 9216385, 0, 3400, 3400, 340, 0, 0, 0, 0, 8904, 8000, 4381, 4381, 0, 0, 0, 0, 8904, 8904, 8904, 8904, 8904, 8904, 8904, 8904, 8904, 8904, 8904, 8904, 8904, 8904, 8904, 8904, 8904, 8904, 8904, 8904, 8904, 8904, 8904, 8904, 8904, 8904, 8904, 8904, 8904, 8904, 8904, 8904, 8904, 8904, 8904, 8904, 8904, 8904, 8904, 8904, 8904, 8904, 8904, 8904, 8904, 8904, 8904, 8904, 8904, 8904, 8904, 8904, 8904, 8904, 8904, 8904, 8904, 8904, 8904, 8904, 8904, 8904, 8904, 8904, 8904, 8904, 8904, 8904, 8904, 8904, 8904, 8904, 8904, 8904, 8904, 8904, 8904, 8904, 8904, 8904, 8904, 8904, 8904, 8904, 8904, 8904, 8904, 8904, 8904, 8904, 8904, 8904, 8904, 8904, 8904, 8904, 8904, 8904, 8904, 8904
1, 1, 9316385, 0, 3400, 3400, 340, 0, 0, 0, 0, 0, 8000, 0, 0, 0, 0, 13, 0, 8904, 8904, 8904, 8904, 8904, 8904, 8904, 8904, 8904, 8904, 8904, 8904, 8904, 8904, 8904, 8904, 8904, 8904, 8904, 8904, 8904, 8904, 8904, 8904, 8904, 8904, 8904, 8904, 8904, 8904, 8904, 8904, 8904, 8904, 8904, 8904, 8904, 8904, 8904, 8904, 8904, 8904, 8904, 8904, 8904, 8904, 8904, 8904, 8904, 8904, 8904, 8904, 8904, 8904, 8904, 8904, 8904, 8904, 8904, 8904, 8904, 8904, 8904, 8904, 8904, 8904, 8904, 8904, 8904, 8904, 8904, 8904, 8904, 8904, 8904, 8904, 8904, 8904, 8904, 8904, 8904, 8904, 8904, 8904, 8904, 8904, 8904, 8904, 8904, 8904, 8904, 8904, 8904, 8904, 8904, 8904, 8904, 8904, 8904, 8904
1, 1, 9416385, 0, 3400, 3400, 340, 0, 0, 0, 0, 0, 8000, 0, 0, 0, 0, 0, 0, 8904, 8904, 8904, 8904, 8904, 8904, 8904, 8904, 8904, 8904, 8904, 8904, 8904, 8904, 8904, 8904, 8904, 8904, 8904, 8904, 8904, 8904, 8904, 8904, 8904, 8904, 8904, 8904, 8904, 8904, 8904, 8904, 8904, 8904, 8904, 8904, 8904, 8904, 8904, 8904, 8904, 8904, 8904, 8904, 8904, 8904, 8904, 8904, 8904, 8904, 8904, 8904, 8904, 8904, 8904, 8904, 8904, 8904, 8904, 8904, 8904, 8904, 8904, 8904, 8904, 8904, 8904, 8904, 8904, 8904, 8904, 8904, 8904, 8904, 8904, 8904, 8904, 8904, 8904, 8904, 8904, 8904, 8904, 8904, 8904, 8904, 8904, 8904, 8904, 8904, 8904, 8904, 8904, 8904, 8904, 8904, 8904, 8904, 8904, 8904
1, 1, 9516385, 0, 3400, 3400, 340, 0, 0, 0, 0, 0, 8000, 0, 0, 0, 0, 130, 0, 8904, 8904, 8904, 8904, 8904, 8904, 8904, 8904, 8904, 8904, 8904, 8904, 8904, 8904, 8904, 8904, 8904, 8904, 8904, 8904, 8904, 8904, 8904, 8904, 8904, 8904, 8904, 8904, 8904, 8904, 8904, 8904, 8904, 8904, 8904, 8904, 8904, 8904, 8904, 8904, 8904, 8904, 8904, 8904, 8904, 8904, 8904, 8904, 8904, 8904, 8904, 8904, 8904, 8904, 8904, 8904, 8904, 8904, 8904, 8904, 8904, 8904, 8904, 8904, 8904, 8904, 8904, 8904, 8904, 8904, 8904, 8904, 8904, 8904, 8904, 8904, 8904, 8904, 8904, 8904, 8904, 8904, 8904, 8904, 8904, 8904, 8904, 8904, 8904, 8904, 8904, 8904, 8904, 8904, 8904, 8904, 8904, 8904, 8904, 8904
1, 1, 9616385, 0, 3400, 3400, 340, 0, 0, 0, 0, 0, 8000, 0, 0, 0, 0, 777, 0, 8904, 8904, 8904, 8904, 8904, 8904, 8904, 8904, 8904, 8904, 8904, 8904, 8904, 8904, 8904, 8904, 8904, 8904, 8904, 8904, 8904, 8904, 8904, 8904, 8904, 8904, 8904, 8904, 8904, 8904, 8904, 8904, 8904, 8904, 8904, 8904, 8904, 8904, 8904, 8904, 8904, 8904, 8904, 8904, 8904, 8904, 8904, 8904, 8904, 8904, 8904, 8904, 8904, 8904, 8904, 8904, 8904, 8904, 8904, 8904, 8904, 8904, 8904, 8904, 8904, 8904, 8904, 8904, 8904, 8904, 8904, 8904, 8904, 8904, 8904, 8904, 8904, 8904, 8904, 8904, 8904, 8904, 8904, 8904, 8904, 8904, 8904, 8904, 8904, 8904, 8904, 8904, 8904, 8904, 8904, 8904, 8904, 8904, 8904, 8904
1, 1, 9716385, 0, 3400, 3400, 340, 0, 0, 0, 0, 0, 8000, 0, 0, 0, 0, 650, 0, 8904, 8904, 8904, 8904, 8904, 8904, 8904, 8904, 8904, 8904, 8904, 8904, 8904, 8904, 8904, 8904, 8904, 8904, 8904, 8904, 8904, 8904, 8904, 8904, 8904, 8904, 8904, 8904, 8904, 8904, 8904, 8904, 8904, 8904, 8904, 8904, 8904, 8904, 8904, 8904, 8904, 8904, 8904, 8904, 8904, 8904, 8904, 8904, 8904, 8904, 8904, 8904, 8904, 8904, 8904, 8904, 8904, 8904, 8904, 8904, 8904, 8904, 8904, 8904, 8904, 8904, 8904, 8904, 8904, 8904, 8904, 8904, 8904, 8904, 8904, 8904, 8904, 8904, 8904, 8904, 8904, 8904, 8904, 8904, 8904, 8904, 8904, 8904, 8904, 8904, 8904, 8904, 8904, 8904, 8904, 8904, 8904, 8904, 8904, 8904
1, 1, 9816385, 0, 3400, 3400, 340, 0, 0, 0, 0, 0, 8000, 0, 0, 0, 0, 381, 0, 8904, 8904, 8904, 8904, 8904, 8904, 8904, 8904, 8904, 8904, 8904, 8904, 8904, 8904, 8904, 8904, 8904, 8904, 8904, 8904, 8904, 8904, 8904, 8904, 8904, 8904, 8904, 8904, 8904, 8904, 8904, 8904, 8904, 8904, 8904, 8904, 8904, 8904, 8904, 8904, 8904, 8904, 8904, 8904, 8904, 8904, 8904, 8904, 8904, 8904, 8904, 8904, 8904, 8904, 8904, 8904, 8904, 8904, 8904, 8904, 8904, 8904, 8904, 8904, 8904, 8904, 8904, 8904, 8904, 8904, 8904, 8904, 8904, 8904, 8904, 8904, 8904, 8904, 8904, 8904, 8904, 8904, 8904, 8904, 8904, 8904, 8904, 8904, 8904, 8904, 8904, 8904, 8904, 8904, 8904, 8904, 8904, 8904, 8904, 8904
1, 1, 9916385, 0, 3400, 340, 340, 3400, 3400, 0, 0, 0, 8000, 724674, 0, 0, 0, 0, 0, 8904, 8904, 8904, 8904, 8904, 8904, 8904, 8904, 8904, 8904, 8904, 8904, 8904, 8904, 8904, 8904, 8904, 8904, 8904, 8904, 8904, 8904, 8904, 8904, 8904, 8904, 8904, 8904, 8904, 8904, 8904, 8904, 8904, 8904, 8904, 8904, 8904, 8904, 8904, 8904, 8904, 8904, 8904, 8904, 8904, 8904, 8904, 8904, 8904, 8904, 8904, 8904, 8904, 8904, 8904, 8904, 8904, 8904, 8904, 8904, 8904, 8904, 8904, 8904, 8904, 8904, 8904, 8904, 8904, 8904, 8904, 8904, 8904, 8904, 8904, 8904, 8904, 8904, 8904, 8904, 8904, 8904, 8904, 8904, 8904, 8904, 8904, 8904, 8904, 8904, 8904, 8904, 8904, 8904, 8904, 8904, 8904, 8904, 8904, 8904
1, 1, 10016385, 0, 3400, 3400, 340, 47260, 5907, 182, 26, 8876, 8000, 928, 9176, 618800, 535, 0, 0, 8904, 8904, 8904, 8904, 8904, 8904, 8904, 8904, 8904, 8904, 8904, 8904, 8791, 8817, 8840, 8860, 8877, 8877, 8877, 8877, 8877, 8877, 8877, 8877, 8877, 8877, 8877, 8877, 8877, 8877, 8877, 8877, 8877, 8877, 8877, 8877, 8877, 8877, 8877, 8877, 8877, 8877, 8877, 8877, 8877, 8877, 8877, 8877, 8877, 8877, 8877, 8877, 8877, 8877, 8877, 8877, 8877, 8877, 8877, 8877, 8877, 8877, 8877, 8877, 8877, 8877, 8877, 8877, 8877, 8877, 8877, 8877, 8877, 8877, 8877, 8877, 8877, 8877, 8877, 8877, 8877, 8877, 8877, 8877, 8877, 8877, 8877, 8877, 8877, 8877, 8877, 8877, 8877, 8877, 8877, 8877, 8877, 8877, 8877, 8877
1, 1, 10099999, 0, 3400, 3400, 340, 0, 0, 0, 0, 8877, 8000, 2244, 2442, 0, 0, 0, 0, 8877, 8877, 8877, 8877, 8877, 8877, 8877, 8877, 8877, 8877, 8877, 8877, 8877, 8877, 8877, 8877, 8877, 8877, 8877, 8877, 8877, 8877, 8877, 8877, 8877, 8877, 8877, 8877, 8877, 8877, 8877, 8877, 8877, 8877, 8877, 8877, 8877, 8877, 8877, 8877, 8877, 8877, 8877, 8877, 8877, 8877, 8877, 8877, 8877, 8877, 8877, 8877, 8877, 8877, 8877, 8877, 8877, 8877, 8877, 8877, 8877, 8877, 8877, 8877, 8877, 8877, 8877, 8877, 8877, 8877, 8877, 8877, 8877, 8877, 8877, 8877, 8877, 8877, 8877, 8877, 8877, 8877, 8877, 8877, 8877, 8877, 8877, 8877, 8877, 8877, 8877, 8877, 8877, 8877, 8877, 8877, 8877, 8877, 8877, 8877
